Simulation Time,Event Type,Vehicle ID,Message Size
2.60292,PseudonymMessage,,488
2.71535,PseudonymMessage,,488
20.5375,PseudonymMessage,,488
20.5822,PseudonymMessage,,488
38.0963,PseudonymMessage,,488
38.8381,PseudonymMessage,,488
40.8381,PseudonymMessage,,488
56.2902,PseudonymMessage,,488
56.6603,PseudonymMessage,,488
58.2902,PseudonymMessage,,488
74.4539,PseudonymMessage,,488
74.6796,PseudonymMessage,,488
76.4539,PseudonymMessage,,488
76.6796,PseudonymMessage,,488
78.6796,PseudonymMessage,,488
92.3594,PseudonymMessage,,488
92.3997,PseudonymMessage,,488
94.3594,PseudonymMessage,,488
94.3997,PseudonymMessage,,488
96.3997,PseudonymMessage,,488
98.3997,PseudonymMessage,,488
100.4,PseudonymMessage,,488
102.4,PseudonymMessage,,488
110.012,PseudonymMessage,,488
110.116,PseudonymMessage,,488
128.097,PseudonymMessage,,488
128.791,PseudonymMessage,,488
130.097,PseudonymMessage,,488
146.081,PseudonymMessage,,488
146.223,PseudonymMessage,,488
148.223,PseudonymMessage,,488
150.223,PseudonymMessage,,488
164.359,PseudonymMessage,,488
164.761,PseudonymMessage,,488
166.359,PseudonymMessage,,488
182.311,PseudonymMessage,,488
182.791,PseudonymMessage,,488
183.603,PseudonymMessage,,488
183.715,PseudonymMessage,,488
184.311,PseudonymMessage,,488
185.603,PseudonymMessage,,488
185.715,PseudonymMessage,,488
186.311,PseudonymMessage,,488
187.715,PseudonymMessage,,488
188.311,PseudonymMessage,,488
190.311,PseudonymMessage,,488
192.311,PseudonymMessage,,488
200.46,PseudonymMessage,,488
200.574,PseudonymMessage,,488
201.538,PseudonymMessage,,488
201.582,PseudonymMessage,,488
202.46,PseudonymMessage,,488
202.574,PseudonymMessage,,488
203.538,PseudonymMessage,,488
204.574,PseudonymMessage,,488
206.574,PseudonymMessage,,488
218.248,PseudonymMessage,,488
218.675,PseudonymMessage,,488
219.096,PseudonymMessage,,488
219.838,PseudonymMessage,,488
220.248,PseudonymMessage,,488
220.675,PseudonymMessage,,488
221.838,PseudonymMessage,,488
236.325,PseudonymMessage,,488
236.453,PseudonymMessage,,488
237.66,PseudonymMessage,,488
238.453,PseudonymMessage,,488
239.29,PseudonymMessage,,488
239.66,PseudonymMessage,,488
254.063,PseudonymMessage,,488
254.839,PseudonymMessage,,488
256.839,PseudonymMessage,,488
257.454,PseudonymMessage,,488
259.454,PseudonymMessage,,488
259.68,PseudonymMessage,,488
261.68,PseudonymMessage,,488
272.484,PseudonymMessage,,488
273.36,PseudonymMessage,,488
273.801,PseudonymMessage,,488
275.36,PseudonymMessage,,488
275.801,PseudonymMessage,,488
277.801,PseudonymMessage,,488
279.801,PseudonymMessage,,488
281.4,PseudonymMessage,,488
281.801,PseudonymMessage,,488
290.371,PseudonymMessage,,488
290.485,PseudonymMessage,,488
291.012,PseudonymMessage,,488
291.116,PseudonymMessage,,488
292.485,PseudonymMessage,,488
293.012,PseudonymMessage,,488
293.116,PseudonymMessage,,488
294.485,PseudonymMessage,,488
295.012,PseudonymMessage,,488
296.485,PseudonymMessage,,488
308.932,PseudonymMessage,,488
309,PseudonymMessage,,488
309.097,PseudonymMessage,,488
309.791,PseudonymMessage,,488
310.932,PseudonymMessage,,488
311,PseudonymMessage,,488
311.097,PseudonymMessage,,488
311.791,PseudonymMessage,,488
312.932,PseudonymMessage,,488
313.791,PseudonymMessage,,488
315.791,PseudonymMessage,,488
317.791,PseudonymMessage,,488
319.791,PseudonymMessage,,488
321.791,PseudonymMessage,,488
323.791,PseudonymMessage,,488
325.791,PseudonymMessage,,488
326.34,PseudonymMessage,,488
326.489,PseudonymMessage,,488
327.081,PseudonymMessage,,488
328.489,PseudonymMessage,,488
330.489,PseudonymMessage,,488
331.223,PseudonymMessage,,488
344.092,PseudonymMessage,,488
345.761,PseudonymMessage,,488
346.092,PseudonymMessage,,488
347.293,PseudonymMessage,,488
347.359,PseudonymMessage,,488
349.293,PseudonymMessage,,488
362.339,PseudonymMessage,,488
363.791,PseudonymMessage,,488
366.592,PseudonymMessage,,488
368.592,PseudonymMessage,,488
373.311,PseudonymMessage,,488
380.817,PseudonymMessage,,488
382.817,PseudonymMessage,,488
383.46,PseudonymMessage,,488
384.366,PseudonymMessage,,488
384.817,PseudonymMessage,,488
385.46,PseudonymMessage,,488
385.574,PseudonymMessage,,488
386.366,PseudonymMessage,,488
387.574,PseudonymMessage,,488
398.12,PseudonymMessage,,488
399.248,PseudonymMessage,,488
399.675,PseudonymMessage,,488
399.972,PseudonymMessage,,488
400.12,PseudonymMessage,,488
401.675,PseudonymMessage,,488
402.12,PseudonymMessage,,488
403.675,PseudonymMessage,,488
404.12,PseudonymMessage,,488
416.9,PseudonymMessage,,488
417.101,PseudonymMessage,,488
417.325,PseudonymMessage,,488
418.9,PseudonymMessage,,488
419.101,PseudonymMessage,,488
419.325,PseudonymMessage,,488
419.453,PseudonymMessage,,488
420.9,PseudonymMessage,,488
421.325,PseudonymMessage,,488
421.453,PseudonymMessage,,488
422.9,PseudonymMessage,,488
423.453,PseudonymMessage,,488
425.453,PseudonymMessage,,488
427.453,PseudonymMessage,,488
429.453,PseudonymMessage,,488
434.868,PseudonymMessage,,488
435.063,PseudonymMessage,,488
436.169,PseudonymMessage,,488
436.868,PseudonymMessage,,488
437.063,PseudonymMessage,,488
437.838,PseudonymMessage,,488
438.169,PseudonymMessage,,488
438.868,PseudonymMessage,,488
439.063,PseudonymMessage,,488
439.838,PseudonymMessage,,488
441.063,PseudonymMessage,,488
441.838,PseudonymMessage,,488
452.293,PseudonymMessage,,488
452.895,PseudonymMessage,,488
453.484,PseudonymMessage,,488
454.293,PseudonymMessage,,488
455.484,PseudonymMessage,,488
457.484,PseudonymMessage,,488
462.801,PseudonymMessage,,488
470.337,PseudonymMessage,,488
470.79,PseudonymMessage,,488
471.371,PseudonymMessage,,488
472.337,PseudonymMessage,,488
473.371,PseudonymMessage,,488
474.337,PseudonymMessage,,488
475.371,PseudonymMessage,,488
475.485,PseudonymMessage,,488
477.485,PseudonymMessage,,488
488.655,PseudonymMessage,,488
488.912,PseudonymMessage,,488
490.655,PseudonymMessage,,488
491,PseudonymMessage,,488
493.932,PseudonymMessage,,488
495.932,PseudonymMessage,,488
497.932,PseudonymMessage,,488
506.037,PseudonymMessage,,488
506.235,PseudonymMessage,,488
507.34,PseudonymMessage,,488
509.489,PseudonymMessage,,488
511.489,PseudonymMessage,,488
525.092,PseudonymMessage,,488
527.806,PseudonymMessage,,488
528.293,PseudonymMessage,,488
530.293,PseudonymMessage,,488
530.403,PseudonymMessage,,488
532.293,PseudonymMessage,,488
532.403,PseudonymMessage,,488
534.293,PseudonymMessage,,488
536.293,PseudonymMessage,,488
542.605,PseudonymMessage,,488
543.339,PseudonymMessage,,488
544.974,PseudonymMessage,,488
545.339,PseudonymMessage,,488
546.974,PseudonymMessage,,488
547.339,PseudonymMessage,,488
548.974,PseudonymMessage,,488
549.592,PseudonymMessage,,488
562.214,PseudonymMessage,,488
563.97,PseudonymMessage,,488
565.817,PseudonymMessage,,488
567.366,PseudonymMessage,,488
567.817,PseudonymMessage,,488
578.389,PseudonymMessage,,488
578.594,PseudonymMessage,,488
580.389,PseudonymMessage,,488
580.972,PseudonymMessage,,488
582.389,PseudonymMessage,,488
584.389,PseudonymMessage,,488
585.12,PseudonymMessage,,488
596.129,PseudonymMessage,,488
596.483,PseudonymMessage,,488
598.101,PseudonymMessage,,488
598.129,PseudonymMessage,,488
598.483,PseudonymMessage,,488
600.101,PseudonymMessage,,488
600.483,PseudonymMessage,,488
602.483,PseudonymMessage,,488
603.9,PseudonymMessage,,488
605.9,PseudonymMessage,,488
614.001,PseudonymMessage,,488
614.737,PseudonymMessage,,488
616.737,PseudonymMessage,,488
617.868,PseudonymMessage,,488
618.737,PseudonymMessage,,488
619.169,PseudonymMessage,,488
619.868,PseudonymMessage,,488
620.737,PseudonymMessage,,488
632.045,PseudonymMessage,,488
633.895,PseudonymMessage,,488
635.293,PseudonymMessage,,488
635.895,PseudonymMessage,,488
637.293,PseudonymMessage,,488
637.895,PseudonymMessage,,488
638.094,PseudonymMessage,,488
639.293,PseudonymMessage,,488
639.895,PseudonymMessage,,488
641.895,PseudonymMessage,,488
650.407,PseudonymMessage,,488
650.849,PseudonymMessage,,488
651.79,PseudonymMessage,,488
652.849,PseudonymMessage,,488
653.337,PseudonymMessage,,488
653.79,PseudonymMessage,,488
655.79,PseudonymMessage,,488
657.79,PseudonymMessage,,488
659.79,PseudonymMessage,,488
661.79,PseudonymMessage,,488
663.79,PseudonymMessage,,488
668.46,PseudonymMessage,,488
669.655,PseudonymMessage,,488
669.912,PseudonymMessage,,488
670.46,PseudonymMessage,,488
671.655,PseudonymMessage,,488
671.912,PseudonymMessage,,488
672.298,PseudonymMessage,,488
673.655,PseudonymMessage,,488
673.912,PseudonymMessage,,488
674.298,PseudonymMessage,,488
675.655,PseudonymMessage,,488
677.655,PseudonymMessage,,488
679.655,PseudonymMessage,,488
686.162,PseudonymMessage,,488
686.942,PseudonymMessage,,488
687.037,PseudonymMessage,,488
687.235,PseudonymMessage,,488
688.162,PseudonymMessage,,488
689.235,PseudonymMessage,,488
691.235,PseudonymMessage,,488
704.273,PseudonymMessage,,488
704.534,PseudonymMessage,,488
706.273,PseudonymMessage,,488
708.806,PseudonymMessage,,488
711.403,PseudonymMessage,,488
722.203,PseudonymMessage,,488
723.605,PseudonymMessage,,488
725.605,PseudonymMessage,,488
727.605,PseudonymMessage,,488
729.605,PseudonymMessage,,488
729.974,PseudonymMessage,,488
731.974,PseudonymMessage,,488
732.457,PseudonymMessage,,488
733.974,PseudonymMessage,,488
743.214,PseudonymMessage,,488
743.965,PseudonymMessage,,488
744.97,PseudonymMessage,,488
750.139,PseudonymMessage,,488
752.139,PseudonymMessage,,488
758.229,PseudonymMessage,,488
758.35,PseudonymMessage,,488
759.594,PseudonymMessage,,488
760.35,PseudonymMessage,,488
765.389,PseudonymMessage,,488
767.389,PseudonymMessage,,488
769.389,PseudonymMessage,,488
771.389,PseudonymMessage,,488
776.497,PseudonymMessage,,488
776.642,PseudonymMessage,,488
777.129,PseudonymMessage,,488
778.642,PseudonymMessage,,488
779.129,PseudonymMessage,,488
781.483,PseudonymMessage,,488
794.017,PseudonymMessage,,488
794.673,PseudonymMessage,,488
795.001,PseudonymMessage,,488
796.673,PseudonymMessage,,488
801.737,PseudonymMessage,,488
812.303,PseudonymMessage,,488
813.045,PseudonymMessage,,488
814.285,PseudonymMessage,,488
816.285,PseudonymMessage,,488
819.094,PseudonymMessage,,488
830.188,PseudonymMessage,,488
830.663,PseudonymMessage,,488
831.407,PseudonymMessage,,488
831.849,PseudonymMessage,,488
832.188,PseudonymMessage,,488
833.407,PseudonymMessage,,488
833.849,PseudonymMessage,,488
848.364,PseudonymMessage,,488
850.687,PseudonymMessage,,488
851.46,PseudonymMessage,,488
853.298,PseudonymMessage,,488
866.784,PseudonymMessage,,488
867.162,PseudonymMessage,,488
867.942,PseudonymMessage,,488
868.784,PseudonymMessage,,488
869.942,PseudonymMessage,,488
871.766,PseudonymMessage,,488
871.942,PseudonymMessage,,488
873.942,PseudonymMessage,,488
884.434,PseudonymMessage,,488
884.442,PseudonymMessage,,488
885.273,PseudonymMessage,,488
885.534,PseudonymMessage,,488
886.434,PseudonymMessage,,488
886.442,PseudonymMessage,,488
887.534,PseudonymMessage,,488
888.434,PseudonymMessage,,488
902.222,PseudonymMessage,,488
902.811,PseudonymMessage,,488
903.203,PseudonymMessage,,488
904.222,PseudonymMessage,,488
913.457,PseudonymMessage,,488
915.457,PseudonymMessage,,488
917.457,PseudonymMessage,,488
920.024,PseudonymMessage,,488
923.773,PseudonymMessage,,488
924.965,PseudonymMessage,,488
925.773,PseudonymMessage,,488
927.773,PseudonymMessage,,488
931.139,PseudonymMessage,,488
938.867,PseudonymMessage,,488
939.229,PseudonymMessage,,488
939.953,PseudonymMessage,,488
941.229,PseudonymMessage,,488
941.35,PseudonymMessage,,488
941.953,PseudonymMessage,,488
943.35,PseudonymMessage,,488
943.953,PseudonymMessage,,488
945.35,PseudonymMessage,,488
956.025,PseudonymMessage,,488
956.579,PseudonymMessage,,488
957.497,PseudonymMessage,,488
958.579,PseudonymMessage,,488
959.497,PseudonymMessage,,488
959.642,PseudonymMessage,,488
960.579,PseudonymMessage,,488
961.497,PseudonymMessage,,488
962.579,PseudonymMessage,,488
974.177,PseudonymMessage,,488
974.481,PseudonymMessage,,488
975.017,PseudonymMessage,,488
975.673,PseudonymMessage,,488
992.85,PseudonymMessage,,488
992.9,PseudonymMessage,,488
993.303,PseudonymMessage,,488
994.9,PseudonymMessage,,488
995.285,PseudonymMessage,,488
995.303,PseudonymMessage,,488
996.9,PseudonymMessage,,488
997.303,PseudonymMessage,,488
1010.76,PseudonymMessage,,488
1010.78,PseudonymMessage,,488
1012.76,PseudonymMessage,,488
1012.78,PseudonymMessage,,488
1013.19,PseudonymMessage,,488
1014.76,PseudonymMessage,,488
1015.19,PseudonymMessage,,488
1017.19,PseudonymMessage,,488
1028.16,PseudonymMessage,,488
1029.36,PseudonymMessage,,488
1031.69,PseudonymMessage,,488
1033.65,PseudonymMessage,,488
1035.65,PseudonymMessage,,488
1046.83,PseudonymMessage,,488
1047.35,PseudonymMessage,,488
1048.83,PseudonymMessage,,488
1049.35,PseudonymMessage,,488
1049.78,PseudonymMessage,,488
1051.78,PseudonymMessage,,488
1064.04,PseudonymMessage,,488
1067.43,PseudonymMessage,,488
1067.44,PseudonymMessage,,488
1067.6,PseudonymMessage,,488
1069.44,PseudonymMessage,,488
1069.6,PseudonymMessage,,488
1082.09,PseudonymMessage,,488
1082.31,PseudonymMessage,,488
1083.22,PseudonymMessage,,488
1083.81,PseudonymMessage,,488
1084.09,PseudonymMessage,,488
1084.31,PseudonymMessage,,488
1085.81,PseudonymMessage,,488
1086.09,PseudonymMessage,,488
1088.09,PseudonymMessage,,488
1100.17,PseudonymMessage,,488
1101.02,PseudonymMessage,,488
1106.51,PseudonymMessage,,488
1106.77,PseudonymMessage,,488
1118.36,PseudonymMessage,,488
1118.54,PseudonymMessage,,488
1120.36,PseudonymMessage,,488
1122.95,PseudonymMessage,,488
1124.95,PseudonymMessage,,488
1126.95,PseudonymMessage,,488
1136.29,PseudonymMessage,,488
1136.87,PseudonymMessage,,488
1137.03,PseudonymMessage,,488
1138.29,PseudonymMessage,,488
1138.87,PseudonymMessage,,488
1139.03,PseudonymMessage,,488
1141.58,PseudonymMessage,,488
1154.2,PseudonymMessage,,488
1154.37,PseudonymMessage,,488
1155.18,PseudonymMessage,,488
1155.48,PseudonymMessage,,488
1156.37,PseudonymMessage,,488
1157.18,PseudonymMessage,,488
1157.48,PseudonymMessage,,488
1158.37,PseudonymMessage,,488
1159.48,PseudonymMessage,,488
1172.24,PseudonymMessage,,488
1172.68,PseudonymMessage,,488
1173.85,PseudonymMessage,,488
1174.24,PseudonymMessage,,488
1174.68,PseudonymMessage,,488
1175.85,PseudonymMessage,,488
1175.9,PseudonymMessage,,488
1176.68,PseudonymMessage,,488
1177.85,PseudonymMessage,,488
1177.9,PseudonymMessage,,488
1178.68,PseudonymMessage,,488
1179.85,PseudonymMessage,,488
1180.68,PseudonymMessage,,488
1190.52,PseudonymMessage,,488
1190.59,PseudonymMessage,,488
1192.52,PseudonymMessage,,488
1193.76,PseudonymMessage,,488
1193.78,PseudonymMessage,,488
1194.52,PseudonymMessage,,488
1196.52,PseudonymMessage,,488
1208.38,PseudonymMessage,,488
1208.8,PseudonymMessage,,488
1209.16,PseudonymMessage,,488
1210.8,PseudonymMessage,,488
1216.65,PseudonymMessage,,488
1218.65,PseudonymMessage,,488
1226.03,PseudonymMessage,,488
1226.69,PseudonymMessage,,488
1228.03,PseudonymMessage,,488
1228.35,PseudonymMessage,,488
1228.69,PseudonymMessage,,488
1229.83,PseudonymMessage,,488
1230.35,PseudonymMessage,,488
1231.83,PseudonymMessage,,488
1244.13,PseudonymMessage,,488
1244.61,PseudonymMessage,,488
1245.04,PseudonymMessage,,488
1247.04,PseudonymMessage,,488
1248.6,PseudonymMessage,,488
1250.6,PseudonymMessage,,488
1262.09,PseudonymMessage,,488
1264.4,PseudonymMessage,,488
1265.31,PseudonymMessage,,488
1266.4,PseudonymMessage,,488
1268.4,PseudonymMessage,,488
1269.09,PseudonymMessage,,488
1270.4,PseudonymMessage,,488
1272.4,PseudonymMessage,,488
1280.9,PseudonymMessage,,488
1281.17,PseudonymMessage,,488
1281.69,PseudonymMessage,,488
1282.9,PseudonymMessage,,488
1283.17,PseudonymMessage,,488
1283.69,PseudonymMessage,,488
1284.9,PseudonymMessage,,488
1285.17,PseudonymMessage,,488
1287.17,PseudonymMessage,,488
1287.51,PseudonymMessage,,488
1289.51,PseudonymMessage,,488
1291.51,PseudonymMessage,,488
1298.85,PseudonymMessage,,488
1299.36,PseudonymMessage,,488
1299.54,PseudonymMessage,,488
1300.85,PseudonymMessage,,488
1301.36,PseudonymMessage,,488
1301.54,PseudonymMessage,,488
1303.36,PseudonymMessage,,488
1303.54,PseudonymMessage,,488
1305.36,PseudonymMessage,,488
1305.83,PseudonymMessage,,488
1307.36,PseudonymMessage,,488
1307.83,PseudonymMessage,,488
1316.78,PseudonymMessage,,488
1318.58,PseudonymMessage,,488
1319.29,PseudonymMessage,,488
1319.87,PseudonymMessage,,488
1320.58,PseudonymMessage,,488
1321.29,PseudonymMessage,,488
1321.87,PseudonymMessage,,488
1322.58,PseudonymMessage,,488
1324.58,PseudonymMessage,,488
1326.58,PseudonymMessage,,488
1328.58,PseudonymMessage,,488
1334.11,PseudonymMessage,,488
1334.28,PseudonymMessage,,488
1335.2,PseudonymMessage,,488
1336.11,PseudonymMessage,,488
1336.28,PseudonymMessage,,488
1337.2,PseudonymMessage,,488
1337.37,PseudonymMessage,,488
1338.28,PseudonymMessage,,488
1339.2,PseudonymMessage,,488
1355.24,PseudonymMessage,,488
1359.4,PseudonymMessage,,488
1361.31,PseudonymMessage,,488
1361.4,PseudonymMessage,,488
1361.68,PseudonymMessage,,488
1363.31,PseudonymMessage,,488
1365.31,PseudonymMessage,,488
1367.31,PseudonymMessage,,488
1369.31,PseudonymMessage,,488
1370.15,PseudonymMessage,,488
1370.19,PseudonymMessage,,488
1371.59,PseudonymMessage,,488
1373.59,PseudonymMessage,,488
1375.52,PseudonymMessage,,488
1388.41,PseudonymMessage,,488
1388.88,PseudonymMessage,,488
1389.38,PseudonymMessage,,488
1389.8,PseudonymMessage,,488
1406.48,PseudonymMessage,,488
1406.9,PseudonymMessage,,488
1409.03,PseudonymMessage,,488
1409.69,PseudonymMessage,,488
1411.69,PseudonymMessage,,488
1424.06,PseudonymMessage,,488
1424.09,PseudonymMessage,,488
1425.13,PseudonymMessage,,488
1425.61,PseudonymMessage,,488
1426.06,PseudonymMessage,,488
1427.13,PseudonymMessage,,488
1427.61,PseudonymMessage,,488
1442.23,PseudonymMessage,,488
1443.09,PseudonymMessage,,488
1444.23,PseudonymMessage,,488
1444.57,PseudonymMessage,,488
1446.23,PseudonymMessage,,488
1446.57,PseudonymMessage,,488
1448.57,PseudonymMessage,,488
1450.57,PseudonymMessage,,488
1453.4,PseudonymMessage,,488
1455.4,PseudonymMessage,,488
1460.46,PseudonymMessage,,488
1460.67,PseudonymMessage,,488
1462.46,PseudonymMessage,,488
1462.67,PseudonymMessage,,488
1462.69,PseudonymMessage,,488
1464.67,PseudonymMessage,,488
1465.9,PseudonymMessage,,488
1466.67,PseudonymMessage,,488
1467.9,PseudonymMessage,,488
1478.38,PseudonymMessage,,488
1478.79,PseudonymMessage,,488
1479.85,PseudonymMessage,,488
1480.38,PseudonymMessage,,488
1480.79,PseudonymMessage,,488
1481.85,PseudonymMessage,,488
1486.83,PseudonymMessage,,488
1488.83,PseudonymMessage,,488
1496,PseudonymMessage,,488
1497.78,PseudonymMessage,,488
1499.78,PseudonymMessage,,488
1501.78,PseudonymMessage,,488
1502.95,PseudonymMessage,,488
1507.58,PseudonymMessage,,488
1509.58,PseudonymMessage,,488
1514.1,PseudonymMessage,,488
1515.14,PseudonymMessage,,488
1517.11,PseudonymMessage,,488
1517.28,PseudonymMessage,,488
1519.11,PseudonymMessage,,488
1521.11,PseudonymMessage,,488
1532.54,PseudonymMessage,,488
1534.54,PseudonymMessage,,488
1535.25,PseudonymMessage,,488
1536.54,PseudonymMessage,,488
1540.4,PseudonymMessage,,488
1542.4,PseudonymMessage,,488
1548.31,PseudonymMessage,,488
1550.2,PseudonymMessage,,488
1550.31,PseudonymMessage,,488
1550.79,PseudonymMessage,,488
1551.15,PseudonymMessage,,488
1551.19,PseudonymMessage,,488
1552.2,PseudonymMessage,,488
1552.31,PseudonymMessage,,488
1554.2,PseudonymMessage,,488
1554.31,PseudonymMessage,,488
1568.08,PseudonymMessage,,488
1568.35,PseudonymMessage,,488
1569.41,PseudonymMessage,,488
1569.88,PseudonymMessage,,488
1571.88,PseudonymMessage,,488
1586.44,PseudonymMessage,,488
1586.54,PseudonymMessage,,488
1587.48,PseudonymMessage,,488
1587.9,PseudonymMessage,,488
1589.48,PseudonymMessage,,488
1589.9,PseudonymMessage,,488
1591.48,PseudonymMessage,,488
1604.92,PseudonymMessage,,488
1605.09,PseudonymMessage,,488
1606.92,PseudonymMessage,,488
1607.06,PseudonymMessage,,488
1608.92,PseudonymMessage,,488
1609.06,PseudonymMessage,,488
1610.68,PseudonymMessage,,488
1622.51,PseudonymMessage,,488
1622.62,PseudonymMessage,,488
1624.51,PseudonymMessage,,488
1627.23,PseudonymMessage,,488
1631.57,PseudonymMessage,,488
1641.46,PseudonymMessage,,488
1643.46,PseudonymMessage,,488
1645.46,PseudonymMessage,,488
1647.67,PseudonymMessage,,488
1651.69,PseudonymMessage,,488
1652.02,PseudonymMessage,,488
1653.69,PseudonymMessage,,488
1654.02,PseudonymMessage,,488
1656.02,PseudonymMessage,,488
1658.26,PseudonymMessage,,488
1658.55,PseudonymMessage,,488
1659.38,PseudonymMessage,,488
1660.26,PseudonymMessage,,488
1660.85,PseudonymMessage,,488
1661.79,PseudonymMessage,,488
1662.26,PseudonymMessage,,488
1663.79,PseudonymMessage,,488
1664.26,PseudonymMessage,,488
1676.17,PseudonymMessage,,488
1676.21,PseudonymMessage,,488
1677,PseudonymMessage,,488
1678.21,PseudonymMessage,,488
1679,PseudonymMessage,,488
1681,PseudonymMessage,,488
1683.95,PseudonymMessage,,488
1685.95,PseudonymMessage,,488
1694.16,PseudonymMessage,,488
1695.1,PseudonymMessage,,488
1696.14,PseudonymMessage,,488
1699.88,PseudonymMessage,,488
1701.88,PseudonymMessage,,488
1712.39,PseudonymMessage,,488
1712.76,PseudonymMessage,,488
1714.39,PseudonymMessage,,488
1716.25,PseudonymMessage,,488
1716.39,PseudonymMessage,,488
1717.54,PseudonymMessage,,488
1718.25,PseudonymMessage,,488
1718.39,PseudonymMessage,,488
1719.54,PseudonymMessage,,488
1720.25,PseudonymMessage,,488
1730.38,PseudonymMessage,,488
1731.79,PseudonymMessage,,488
1734.08,PseudonymMessage,,488
1735.2,PseudonymMessage,,488
1748.81,PseudonymMessage,,488
1749.08,PseudonymMessage,,488
1749.35,PseudonymMessage,,488
1750.81,PseudonymMessage,,488
1752.81,PseudonymMessage,,488
1754.59,PseudonymMessage,,488
1756.59,PseudonymMessage,,488
1758.59,PseudonymMessage,,488
1760.59,PseudonymMessage,,488
1766.43,PseudonymMessage,,488
1766.51,PseudonymMessage,,488
1767.44,PseudonymMessage,,488
1767.54,PseudonymMessage,,488
1769.44,PseudonymMessage,,488
1784.05,PseudonymMessage,,488
1784.12,PseudonymMessage,,488
1786.05,PseudonymMessage,,488
1786.12,PseudonymMessage,,488
1787.92,PseudonymMessage,,488
1791.68,PseudonymMessage,,488
1802.53,PseudonymMessage,,488
1802.8,PseudonymMessage,,488
1803.62,PseudonymMessage,,488
1805.51,PseudonymMessage,,488
1805.62,PseudonymMessage,,488
1807.51,PseudonymMessage,,488
1820.57,PseudonymMessage,,488
1820.91,PseudonymMessage,,488
1822.57,PseudonymMessage,,488
1824.57,PseudonymMessage,,488
1826.57,PseudonymMessage,,488
1828.57,PseudonymMessage,,488
1834.69,PseudonymMessage,,488
1835.02,PseudonymMessage,,488
1839.55,PseudonymMessage,,488
1841.55,PseudonymMessage,,488
1843.26,PseudonymMessage,,488
1843.55,PseudonymMessage,,488
1844.72,PseudonymMessage,,488
1844.87,PseudonymMessage,,488
1845.55,PseudonymMessage,,488
1846.72,PseudonymMessage,,488
1846.87,PseudonymMessage,,488
1848.72,PseudonymMessage,,488
1856.44,PseudonymMessage,,488
1857.17,PseudonymMessage,,488
1858.83,PseudonymMessage,,488
1859.21,PseudonymMessage,,488
1860.83,PseudonymMessage,,488
1862.83,PseudonymMessage,,488
1864.83,PseudonymMessage,,488
1874.53,PseudonymMessage,,488
1874.97,PseudonymMessage,,488
1875.16,PseudonymMessage,,488
1876.53,PseudonymMessage,,488
1876.97,PseudonymMessage,,488
1877.16,PseudonymMessage,,488
1878.53,PseudonymMessage,,488
1880.88,PseudonymMessage,,488
1882.88,PseudonymMessage,,488
1892.22,PseudonymMessage,,488
1892.84,PseudonymMessage,,488
1893.76,PseudonymMessage,,488
1894.22,PseudonymMessage,,488
1895.76,PseudonymMessage,,488
1896.22,PseudonymMessage,,488
1897.76,PseudonymMessage,,488
1899.39,PseudonymMessage,,488
1901.39,PseudonymMessage,,488
1910.56,PseudonymMessage,,488
1910.57,PseudonymMessage,,488
1911.38,PseudonymMessage,,488
1912.57,PseudonymMessage,,488
1913.38,PseudonymMessage,,488
1914.57,PseudonymMessage,,488
1915.08,PseudonymMessage,,488
1915.38,PseudonymMessage,,488
1929.4,PseudonymMessage,,488
1933.81,PseudonymMessage,,488
1933.97,PseudonymMessage,,488
1935.81,PseudonymMessage,,488
1935.97,PseudonymMessage,,488
1941.59,PseudonymMessage,,488
1943.59,PseudonymMessage,,488
1945.59,PseudonymMessage,,488
1946.89,PseudonymMessage,,488
1946.98,PseudonymMessage,,488
1947.43,PseudonymMessage,,488
1947.51,PseudonymMessage,,488
1947.59,PseudonymMessage,,488
1949.51,PseudonymMessage,,488
1964.15,PseudonymMessage,,488
1964.37,PseudonymMessage,,488
1965.05,PseudonymMessage,,488
1965.12,PseudonymMessage,,488
1966.15,PseudonymMessage,,488
1982.94,PseudonymMessage,,488
1983.53,PseudonymMessage,,488
1983.8,PseudonymMessage,,488
1985.53,PseudonymMessage,,488
1985.8,PseudonymMessage,,488
1987.8,PseudonymMessage,,488
1988.4,PseudonymMessage,,488
1990.4,PseudonymMessage,,488
1992.4,PseudonymMessage,,488
2000.8,PseudonymMessage,,488
2001.91,PseudonymMessage,,488
2002.8,PseudonymMessage,,488
2003.32,PseudonymMessage,,488
2003.91,PseudonymMessage,,488
2009.57,PseudonymMessage,,488
2011.57,PseudonymMessage,,488
2018.19,PseudonymMessage,,488
2018.49,PseudonymMessage,,488
2020.19,PseudonymMessage,,488
2020.49,PseudonymMessage,,488
2027.72,PseudonymMessage,,488
2027.87,PseudonymMessage,,488
2029.87,PseudonymMessage,,488
2031.87,PseudonymMessage,,488
2036.05,PseudonymMessage,,488
2036.09,PseudonymMessage,,488
2037.44,PseudonymMessage,,488
2038.05,PseudonymMessage,,488
2038.09,PseudonymMessage,,488
2039.44,PseudonymMessage,,488
2040.05,PseudonymMessage,,488
2042.05,PseudonymMessage,,488
2043.83,PseudonymMessage,,488
2044.05,PseudonymMessage,,488
2045.83,PseudonymMessage,,488
2046.05,PseudonymMessage,,488
2047.83,PseudonymMessage,,488
2049.83,PseudonymMessage,,488
2051.83,PseudonymMessage,,488
2053.83,PseudonymMessage,,488
2054.55,PseudonymMessage,,488
2054.97,PseudonymMessage,,488
2056.97,PseudonymMessage,,488
2057.97,PseudonymMessage,,488
2058.97,PseudonymMessage,,488
2059.53,PseudonymMessage,,488
2059.97,PseudonymMessage,,488
2061.53,PseudonymMessage,,488
2072.72,PseudonymMessage,,488
2073.84,PseudonymMessage,,488
2073.98,PseudonymMessage,,488
2075.22,PseudonymMessage,,488
2075.98,PseudonymMessage,,488
2077.22,PseudonymMessage,,488
2079.22,PseudonymMessage,,488
2081.22,PseudonymMessage,,488
2083.22,PseudonymMessage,,488
2085.22,PseudonymMessage,,488
2090.14,PseudonymMessage,,488
2091.56,PseudonymMessage,,488
2092.14,PseudonymMessage,,488
2093.56,PseudonymMessage,,488
2094.22,PseudonymMessage,,488
2095.57,PseudonymMessage,,488
2096.22,PseudonymMessage,,488
2098.22,PseudonymMessage,,488
2100.22,PseudonymMessage,,488
2108.61,PseudonymMessage,,488
2110.4,PseudonymMessage,,488
2110.61,PseudonymMessage,,488
2112.04,PseudonymMessage,,488
2112.4,PseudonymMessage,,488
2114.04,PseudonymMessage,,488
2114.4,PseudonymMessage,,488
2116.97,PseudonymMessage,,488
2126.02,PseudonymMessage,,488
2126.11,PseudonymMessage,,488
2127.89,PseudonymMessage,,488
2127.98,PseudonymMessage,,488
2128.11,PseudonymMessage,,488
2129.98,PseudonymMessage,,488
2131.98,PseudonymMessage,,488
2144.72,PseudonymMessage,,488
2145.15,PseudonymMessage,,488
2145.37,PseudonymMessage,,488
2146.72,PseudonymMessage,,488
2147.15,PseudonymMessage,,488
2147.92,PseudonymMessage,,488
2149.92,PseudonymMessage,,488
2151.92,PseudonymMessage,,488
2162.23,PseudonymMessage,,488
2163.91,PseudonymMessage,,488
2163.94,PseudonymMessage,,488
2165.91,PseudonymMessage,,488
2165.94,PseudonymMessage,,488
2171.4,PseudonymMessage,,488
2173.4,PseudonymMessage,,488
2180.43,PseudonymMessage,,488
2181.8,PseudonymMessage,,488
2182.43,PseudonymMessage,,488
2183.8,PseudonymMessage,,488
2184.32,PseudonymMessage,,488
2185.83,PseudonymMessage,,488
2186.32,PseudonymMessage,,488
2187.83,PseudonymMessage,,488
2189.83,PseudonymMessage,,488
2198.25,PseudonymMessage,,488
2198.26,PseudonymMessage,,488
2199.19,PseudonymMessage,,488
2199.49,PseudonymMessage,,488
2200.25,PseudonymMessage,,488
2200.26,PseudonymMessage,,488
2201.49,PseudonymMessage,,488
2202.25,PseudonymMessage,,488
2203.49,PseudonymMessage,,488
2204.25,PseudonymMessage,,488
2205.49,PseudonymMessage,,488
2216.45,PseudonymMessage,,488
2216.98,PseudonymMessage,,488
2217.09,PseudonymMessage,,488
2218.45,PseudonymMessage,,488
2218.98,PseudonymMessage,,488
2219.09,PseudonymMessage,,488
2220.98,PseudonymMessage,,488
2222.98,PseudonymMessage,,488
2225.05,PseudonymMessage,,488
2235.55,PseudonymMessage,,488
2237.55,PseudonymMessage,,488
2238.04,PseudonymMessage,,488
2239.97,PseudonymMessage,,488
2240.04,PseudonymMessage,,488
2241.97,PseudonymMessage,,488
2243.97,PseudonymMessage,,488
2244.65,PseudonymMessage,,488
2245.97,PseudonymMessage,,488
2252.15,PseudonymMessage,,488
2252.43,PseudonymMessage,,488
2253.72,PseudonymMessage,,488
2254.15,PseudonymMessage,,488
2254.98,PseudonymMessage,,488
2255.72,PseudonymMessage,,488
2270.56,PseudonymMessage,,488
2270.76,PseudonymMessage,,488
2273.14,PseudonymMessage,,488
2281.22,PseudonymMessage,,488
2283.22,PseudonymMessage,,488
2285.22,PseudonymMessage,,488
2288.19,PseudonymMessage,,488
2288.2,PseudonymMessage,,488
2289.61,PseudonymMessage,,488
2290.19,PseudonymMessage,,488
2291.61,PseudonymMessage,,488
2292.19,PseudonymMessage,,488
2293.04,PseudonymMessage,,488
2293.61,PseudonymMessage,,488
2295.04,PseudonymMessage,,488
2307.02,PseudonymMessage,,488
2307.11,PseudonymMessage,,488
2309.02,PseudonymMessage,,488
2309.11,PseudonymMessage,,488
2309.8,PseudonymMessage,,488
2310.56,PseudonymMessage,,488
2311.11,PseudonymMessage,,488
2311.8,PseudonymMessage,,488
2312.56,PseudonymMessage,,488
2314.56,PseudonymMessage,,488
2324.1,PseudonymMessage,,488
2324.5,PseudonymMessage,,488
2325.72,PseudonymMessage,,488
2326.1,PseudonymMessage,,488
2326.5,PseudonymMessage,,488
2327.72,PseudonymMessage,,488
2328.5,PseudonymMessage,,488
2330.92,PseudonymMessage,,488
2332.92,PseudonymMessage,,488
2342.06,PseudonymMessage,,488
2342.78,PseudonymMessage,,488
2343.23,PseudonymMessage,,488
2344.06,PseudonymMessage,,488
2344.78,PseudonymMessage,,488
2346.78,PseudonymMessage,,488
2346.91,PseudonymMessage,,488
2348.78,PseudonymMessage,,488
2348.91,PseudonymMessage,,488
2350.78,PseudonymMessage,,488
2350.91,PseudonymMessage,,488
2352.78,PseudonymMessage,,488
2352.91,PseudonymMessage,,488
2360.42,PseudonymMessage,,488
2360.88,PseudonymMessage,,488
2361.43,PseudonymMessage,,488
2363.43,PseudonymMessage,,488
2368.83,PseudonymMessage,,488
2370.83,PseudonymMessage,,488
2378.16,PseudonymMessage,,488
2378.7,PseudonymMessage,,488
2379.26,PseudonymMessage,,488
2380.16,PseudonymMessage,,488
2381.26,PseudonymMessage,,488
2382.16,PseudonymMessage,,488
2383.26,PseudonymMessage,,488
2384.16,PseudonymMessage,,488
2385.25,PseudonymMessage,,488
2396.91,PseudonymMessage,,488
2396.99,PseudonymMessage,,488
2399.45,PseudonymMessage,,488
2403.98,PseudonymMessage,,488
2405.98,PseudonymMessage,,488
2407.98,PseudonymMessage,,488
2414.11,PseudonymMessage,,488
2414.42,PseudonymMessage,,488
2416.11,PseudonymMessage,,488
2419.04,PseudonymMessage,,488
2421.04,PseudonymMessage,,488
2425.65,PseudonymMessage,,488
2427.65,PseudonymMessage,,488
2429.65,PseudonymMessage,,488
2431.65,PseudonymMessage,,488
2432.56,PseudonymMessage,,488
2432.73,PseudonymMessage,,488
2433.43,PseudonymMessage,,488
2434.56,PseudonymMessage,,488
2435.15,PseudonymMessage,,488
2437.15,PseudonymMessage,,488
2450.8,PseudonymMessage,,488
2451.02,PseudonymMessage,,488
2451.56,PseudonymMessage,,488
2451.76,PseudonymMessage,,488
2452.8,PseudonymMessage,,488
2453.02,PseudonymMessage,,488
2453.76,PseudonymMessage,,488
2455.76,PseudonymMessage,,488
2468.29,PseudonymMessage,,488
2468.76,PseudonymMessage,,488
2469.2,PseudonymMessage,,488
2470.29,PseudonymMessage,,488
2470.76,PseudonymMessage,,488
2471.2,PseudonymMessage,,488
2472.29,PseudonymMessage,,488
2472.76,PseudonymMessage,,488
2473.19,PseudonymMessage,,488
2474.29,PseudonymMessage,,488
2475.19,PseudonymMessage,,488
2486.02,PseudonymMessage,,488
2486.5,PseudonymMessage,,488
2488.02,PseudonymMessage,,488
2488.5,PseudonymMessage,,488
2492.8,PseudonymMessage,,488
2494.8,PseudonymMessage,,488
2495.56,PseudonymMessage,,488
2496.8,PseudonymMessage,,488
2497.56,PseudonymMessage,,488
2498.8,PseudonymMessage,,488
2504.35,PseudonymMessage,,488
2504.72,PseudonymMessage,,488
2506.35,PseudonymMessage,,488
2507.1,PseudonymMessage,,488
2508.35,PseudonymMessage,,488
2509.5,PseudonymMessage,,488
2510.35,PseudonymMessage,,488
2522.91,PseudonymMessage,,488
2523.06,PseudonymMessage,,488
2524.91,PseudonymMessage,,488
2526.91,PseudonymMessage,,488
2527.1,PseudonymMessage,,488
2528.91,PseudonymMessage,,488
2529.1,PseudonymMessage,,488
2531.1,PseudonymMessage,,488
2533.1,PseudonymMessage,,488
2533.78,PseudonymMessage,,488
2535.1,PseudonymMessage,,488
2540.58,PseudonymMessage,,488
2541.42,PseudonymMessage,,488
2541.88,PseudonymMessage,,488
2542.52,PseudonymMessage,,488
2543.42,PseudonymMessage,,488
2543.88,PseudonymMessage,,488
2558.04,PseudonymMessage,,488
2558.07,PseudonymMessage,,488
2559.7,PseudonymMessage,,488
2561.7,PseudonymMessage,,488
2565.16,PseudonymMessage,,488
2567.16,PseudonymMessage,,488
2576.9,PseudonymMessage,,488
2577.89,PseudonymMessage,,488
2577.91,PseudonymMessage,,488
2577.99,PseudonymMessage,,488
2578.9,PseudonymMessage,,488
2594.08,PseudonymMessage,,488
2594.17,PseudonymMessage,,488
2595.11,PseudonymMessage,,488
2595.42,PseudonymMessage,,488
2596.17,PseudonymMessage,,488
2612.4,PseudonymMessage,,488
2612.95,PseudonymMessage,,488
2613.73,PseudonymMessage,,488
2614.4,PseudonymMessage,,488
2614.95,PseudonymMessage,,488
2615.56,PseudonymMessage,,488
2630.97,PseudonymMessage,,488
2631.8,PseudonymMessage,,488
2632.02,PseudonymMessage,,488
2632.97,PseudonymMessage,,488
2633.8,PseudonymMessage,,488
2634.97,PseudonymMessage,,488
2648.46,PseudonymMessage,,488
2649.69,PseudonymMessage,,488
2652.47,PseudonymMessage,,488
2653.29,PseudonymMessage,,488
2653.76,PseudonymMessage,,488
2654.19,PseudonymMessage,,488
2654.47,PseudonymMessage,,488
2655.76,PseudonymMessage,,488
2656.47,PseudonymMessage,,488
2658.47,PseudonymMessage,,488
2667.02,PseudonymMessage,,488
2667.5,PseudonymMessage,,488
2669.5,PseudonymMessage,,488
2671.5,PseudonymMessage,,488
2673.24,PseudonymMessage,,488
2675.24,PseudonymMessage,,488
2681.02,PseudonymMessage,,488
2684.4,PseudonymMessage,,488
2684.79,PseudonymMessage,,488
2685.72,PseudonymMessage,,488
2686.79,PseudonymMessage,,488
2687.72,PseudonymMessage,,488
2688.79,PseudonymMessage,,488
2689.35,PseudonymMessage,,488
2691.35,PseudonymMessage,,488
2702.34,PseudonymMessage,,488
2702.43,PseudonymMessage,,488
2704.43,PseudonymMessage,,488
2709.91,PseudonymMessage,,488
2711.91,PseudonymMessage,,488
2713.91,PseudonymMessage,,488
2714.1,PseudonymMessage,,488
2715.91,PseudonymMessage,,488
2720.04,PseudonymMessage,,488
2721.58,PseudonymMessage,,488
2722.04,PseudonymMessage,,488
2723.52,PseudonymMessage,,488
2723.58,PseudonymMessage,,488
2725.58,PseudonymMessage,,488
2727.58,PseudonymMessage,,488
2729.9,PseudonymMessage,,488
2738.21,PseudonymMessage,,488
2738.42,PseudonymMessage,,488
2739.04,PseudonymMessage,,488
2739.07,PseudonymMessage,,488
2740.21,PseudonymMessage,,488
2740.42,PseudonymMessage,,488
2741.04,PseudonymMessage,,488
2741.07,PseudonymMessage,,488
2756.18,PseudonymMessage,,488
2758.18,PseudonymMessage,,488
2758.89,PseudonymMessage,,488
2759.9,PseudonymMessage,,488
2760.18,PseudonymMessage,,488
2760.89,PseudonymMessage,,488
2761.23,PseudonymMessage,,488
2761.9,PseudonymMessage,,488
2762.18,PseudonymMessage,,488
2762.89,PseudonymMessage,,488
2763.23,PseudonymMessage,,488
2764.89,PseudonymMessage,,488
2774.55,PseudonymMessage,,488
2775.08,PseudonymMessage,,488
2776.55,PseudonymMessage,,488
2777.08,PseudonymMessage,,488
2777.17,PseudonymMessage,,488
2777.86,PseudonymMessage,,488
2779.08,PseudonymMessage,,488
2779.17,PseudonymMessage,,488
2779.86,PseudonymMessage,,488
2781.17,PseudonymMessage,,488
2783.17,PseudonymMessage,,488
2785.17,PseudonymMessage,,488
2792.67,PseudonymMessage,,488
2793.11,PseudonymMessage,,488
2793.4,PseudonymMessage,,488
2795.11,PseudonymMessage,,488
2795.95,PseudonymMessage,,488
2797.95,PseudonymMessage,,488
2799.95,PseudonymMessage,,488
2810.11,PseudonymMessage,,488
2810.64,PseudonymMessage,,488
2812.11,PseudonymMessage,,488
2815.97,PseudonymMessage,,488
2817.97,PseudonymMessage,,488
2828.02,PseudonymMessage,,488
2828.75,PseudonymMessage,,488
2829.46,PseudonymMessage,,488
2830.69,PseudonymMessage,,488
2830.75,PseudonymMessage,,488
2831.46,PseudonymMessage,,488
2832.69,PseudonymMessage,,488
2839.47,PseudonymMessage,,488
2841.47,PseudonymMessage,,488
2843.47,PseudonymMessage,,488
2845.47,PseudonymMessage,,488
2846.14,PseudonymMessage,,488
2846.66,PseudonymMessage,,488
2848.14,PseudonymMessage,,488
2848.66,PseudonymMessage,,488
2854.24,PseudonymMessage,,488
2862.02,PseudonymMessage,,488
2864.02,PseudonymMessage,,488
2864.53,PseudonymMessage,,488
2865.4,PseudonymMessage,,488
2866.53,PseudonymMessage,,488
2867.79,PseudonymMessage,,488
2869.79,PseudonymMessage,,488
2870.03,PseudonymMessage,,488
2871.79,PseudonymMessage,,488
2872.03,PseudonymMessage,,488
2882.02,PseudonymMessage,,488
2883.34,PseudonymMessage,,488
2883.43,PseudonymMessage,,488
2898.59,PseudonymMessage,,488
2900.53,PseudonymMessage,,488
2900.59,PseudonymMessage,,488
2901.04,PseudonymMessage,,488
2901.67,PseudonymMessage,,488
2902.53,PseudonymMessage,,488
2902.59,PseudonymMessage,,488
2910.9,PseudonymMessage,,488
2912.9,PseudonymMessage,,488
2918.63,PseudonymMessage,,488
2919.42,PseudonymMessage,,488
2921.21,PseudonymMessage,,488
2921.42,PseudonymMessage,,488
2922.39,PseudonymMessage,,488
2924.39,PseudonymMessage,,488
2926.39,PseudonymMessage,,488
2936.25,PseudonymMessage,,488
2936.81,PseudonymMessage,,488
2938.25,PseudonymMessage,,488
2938.81,PseudonymMessage,,488
2942.23,PseudonymMessage,,488
2943.18,PseudonymMessage,,488
2945.18,PseudonymMessage,,488
2954.17,PseudonymMessage,,488
2954.44,PseudonymMessage,,488
2956.17,PseudonymMessage,,488
2957.55,PseudonymMessage,,488
2958.86,PseudonymMessage,,488
2960.86,PseudonymMessage,,488
2972.63,PseudonymMessage,,488
2973.67,PseudonymMessage,,488
2974.11,PseudonymMessage,,488
2974.63,PseudonymMessage,,488
2975.24,PseudonymMessage,,488
2975.67,PseudonymMessage,,488
2976.11,PseudonymMessage,,488
2976.63,PseudonymMessage,,488
2978.63,PseudonymMessage,,488
2990.15,PseudonymMessage,,488
2991.64,PseudonymMessage,,488
2993.11,PseudonymMessage,,488
2993.64,PseudonymMessage,,488
2995.11,PseudonymMessage,,488
2995.14,PseudonymMessage,,488
2997.14,PseudonymMessage,,488
2999.14,PseudonymMessage,,488
3008.59,PseudonymMessage,,488
3009.02,PseudonymMessage,,488
3009.75,PseudonymMessage,,488
3010.8,PseudonymMessage,,488
3011.02,PseudonymMessage,,488
3011.75,PseudonymMessage,,488
3012.8,PseudonymMessage,,488
3013.75,PseudonymMessage,,488
3026.78,PseudonymMessage,,488
3029.14,PseudonymMessage,,488
3029.28,PseudonymMessage,,488
3029.66,PseudonymMessage,,488
3031.14,PseudonymMessage,,488
3031.28,PseudonymMessage,,488
3031.66,PseudonymMessage,,488
3044.48,PseudonymMessage,,488
3045.53,PseudonymMessage,,488
3046.48,PseudonymMessage,,488
3049,PseudonymMessage,,488
3051,PseudonymMessage,,488
3053.03,PseudonymMessage,,488
3055.03,PseudonymMessage,,488
3057.03,PseudonymMessage,,488
3062.02,PseudonymMessage,,488
3062.58,PseudonymMessage,,488
3063.02,PseudonymMessage,,488
3065.02,PseudonymMessage,,488
3080.48,PseudonymMessage,,488
3080.86,PseudonymMessage,,488
3082.48,PseudonymMessage,,488
3082.67,PseudonymMessage,,488
3083.53,PseudonymMessage,,488
3083.59,PseudonymMessage,,488
3084.48,PseudonymMessage,,488
3084.67,PseudonymMessage,,488
3085.53,PseudonymMessage,,488
3098.56,PseudonymMessage,,488
3098.73,PseudonymMessage,,488
3099.63,PseudonymMessage,,488
3100.56,PseudonymMessage,,488
3100.73,PseudonymMessage,,488
3101.63,PseudonymMessage,,488
3102.56,PseudonymMessage,,488
3102.73,PseudonymMessage,,488
3104.73,PseudonymMessage,,488
3107.39,PseudonymMessage,,488
3109.39,PseudonymMessage,,488
3116.27,PseudonymMessage,,488
3116.91,PseudonymMessage,,488
3117.81,PseudonymMessage,,488
3118.91,PseudonymMessage,,488
3119.25,PseudonymMessage,,488
3119.81,PseudonymMessage,,488
3134.16,PseudonymMessage,,488
3134.21,PseudonymMessage,,488
3135.44,PseudonymMessage,,488
3136.21,PseudonymMessage,,488
3137.17,PseudonymMessage,,488
3137.44,PseudonymMessage,,488
3152.51,PseudonymMessage,,488
3152.56,PseudonymMessage,,488
3154.51,PseudonymMessage,,488
3156.24,PseudonymMessage,,488
3157.63,PseudonymMessage,,488
3158.24,PseudonymMessage,,488
3170,PseudonymMessage,,488
3170.04,PseudonymMessage,,488
3171.15,PseudonymMessage,,488
3173.15,PseudonymMessage,,488
3180.14,PseudonymMessage,,488
3188.14,PseudonymMessage,,488
3189.59,PseudonymMessage,,488
3191.8,PseudonymMessage,,488
3192.94,PseudonymMessage,,488
3193.8,PseudonymMessage,,488
3194.94,PseudonymMessage,,488
3206.66,PseudonymMessage,,488
3207.78,PseudonymMessage,,488
3208.66,PseudonymMessage,,488
3209.78,PseudonymMessage,,488
3210.66,PseudonymMessage,,488
3211.28,PseudonymMessage,,488
3211.78,PseudonymMessage,,488
3212.28,PseudonymMessage,,488
3213.28,PseudonymMessage,,488
3213.78,PseudonymMessage,,488
3215.78,PseudonymMessage,,488
3217.78,PseudonymMessage,,488
3224.16,PseudonymMessage,,488
3224.54,PseudonymMessage,,488
3226.16,PseudonymMessage,,488
3227.48,PseudonymMessage,,488
3228.16,PseudonymMessage,,488
3230,PseudonymMessage,,488
3232,PseudonymMessage,,488
3234,PseudonymMessage,,488
3242.53,PseudonymMessage,,488
3242.99,PseudonymMessage,,488
3243.02,PseudonymMessage,,488
3243.58,PseudonymMessage,,488
3244.53,PseudonymMessage,,488
3245.02,PseudonymMessage,,488
3245.58,PseudonymMessage,,488
3246.53,PseudonymMessage,,488
3260.83,PseudonymMessage,,488
3261.8,PseudonymMessage,,488
3261.86,PseudonymMessage,,488
3263.48,PseudonymMessage,,488
3278,PseudonymMessage,,488
3278.44,PseudonymMessage,,488
3280,PseudonymMessage,,488
3280.44,PseudonymMessage,,488
3281.56,PseudonymMessage,,488
3283.56,PseudonymMessage,,488
3285.73,PseudonymMessage,,488
3287.73,PseudonymMessage,,488
3289.73,PseudonymMessage,,488
3296.74,PseudonymMessage,,488
3297.27,PseudonymMessage,,488
3298.73,PseudonymMessage,,488
3298.74,PseudonymMessage,,488
3299.91,PseudonymMessage,,488
3300.73,PseudonymMessage,,488
3300.74,PseudonymMessage,,488
3301.91,PseudonymMessage,,488
3302.74,PseudonymMessage,,488
3303.91,PseudonymMessage,,488
3314.44,PseudonymMessage,,488
3314.73,PseudonymMessage,,488
3315.16,PseudonymMessage,,488
3316.44,PseudonymMessage,,488
3317.16,PseudonymMessage,,488
3317.21,PseudonymMessage,,488
3332.55,PseudonymMessage,,488
3333.56,PseudonymMessage,,488
3335.51,PseudonymMessage,,488
3337.51,PseudonymMessage,,488
3337.88,PseudonymMessage,,488
3339.51,PseudonymMessage,,488
3341.51,PseudonymMessage,,488
3343.51,PseudonymMessage,,488
3350.51,PseudonymMessage,,488
3351,PseudonymMessage,,488
3351.04,PseudonymMessage,,488
3352.51,PseudonymMessage,,488
3353,PseudonymMessage,,488
3353.04,PseudonymMessage,,488
3355.04,PseudonymMessage,,488
3356.91,PseudonymMessage,,488
3358.91,PseudonymMessage,,488
3360.91,PseudonymMessage,,488
3362.91,PseudonymMessage,,488
3368.12,PseudonymMessage,,488
3368.35,PseudonymMessage,,488
3369.14,PseudonymMessage,,488
3370.35,PseudonymMessage,,488
3371.14,PseudonymMessage,,488
3373.14,PseudonymMessage,,488
3373.94,PseudonymMessage,,488
3375.14,PseudonymMessage,,488
3375.94,PseudonymMessage,,488
3377.14,PseudonymMessage,,488
3386.21,PseudonymMessage,,488
3386.82,PseudonymMessage,,488
3388.21,PseudonymMessage,,488
3388.82,PseudonymMessage,,488
3390.21,PseudonymMessage,,488
3390.82,PseudonymMessage,,488
3391.66,PseudonymMessage,,488
3393.66,PseudonymMessage,,488
3394.28,PseudonymMessage,,488
3395.66,PseudonymMessage,,488
3396.28,PseudonymMessage,,488
3404.78,PseudonymMessage,,488
3404.86,PseudonymMessage,,488
3405.54,PseudonymMessage,,488
3406.86,PseudonymMessage,,488
3407.54,PseudonymMessage,,488
3408.86,PseudonymMessage,,488
3409.16,PseudonymMessage,,488
3411.16,PseudonymMessage,,488
3422.82,PseudonymMessage,,488
3422.86,PseudonymMessage,,488
3423.99,PseudonymMessage,,488
3424.82,PseudonymMessage,,488
3425.53,PseudonymMessage,,488
3425.99,PseudonymMessage,,488
3426.82,PseudonymMessage,,488
3427.53,PseudonymMessage,,488
3427.99,PseudonymMessage,,488
3428.82,PseudonymMessage,,488
3430.82,PseudonymMessage,,488
3440.43,PseudonymMessage,,488
3440.5,PseudonymMessage,,488
3441.83,PseudonymMessage,,488
3442.8,PseudonymMessage,,488
3458.91,PseudonymMessage,,488
3460.91,PseudonymMessage,,488
3461,PseudonymMessage,,488
3461.44,PseudonymMessage,,488
3462.23,PseudonymMessage,,488
3462.91,PseudonymMessage,,488
3464.91,PseudonymMessage,,488
3466.91,PseudonymMessage,,488
3476.47,PseudonymMessage,,488
3478.47,PseudonymMessage,,488
3479.73,PseudonymMessage,,488
3481.01,PseudonymMessage,,488
3481.73,PseudonymMessage,,488
3483.74,PseudonymMessage,,488
3494.03,PseudonymMessage,,488
3494.31,PseudonymMessage,,488
3495.44,PseudonymMessage,,488
3495.73,PseudonymMessage,,488
3496.03,PseudonymMessage,,488
3496.31,PseudonymMessage,,488
3498.31,PseudonymMessage,,488
3512.48,PseudonymMessage,,488
3513.55,PseudonymMessage,,488
3514.48,PseudonymMessage,,488
3515.55,PseudonymMessage,,488
3517.32,PseudonymMessage,,488
3518.88,PseudonymMessage,,488
3519.32,PseudonymMessage,,488
3520.88,PseudonymMessage,,488
3521.32,PseudonymMessage,,488
3533.51,PseudonymMessage,,488
3535.51,PseudonymMessage,,488
3536.44,PseudonymMessage,,488
3538.37,PseudonymMessage,,488
3538.44,PseudonymMessage,,488
3540.37,PseudonymMessage,,488
3540.44,PseudonymMessage,,488
3542.37,PseudonymMessage,,488
3543.91,PseudonymMessage,,488
3544.37,PseudonymMessage,,488
3548.77,PseudonymMessage,,488
3549.12,PseudonymMessage,,488
3549.35,PseudonymMessage,,488
3550.77,PseudonymMessage,,488
3552.16,PseudonymMessage,,488
3566.88,PseudonymMessage,,488
3569.74,PseudonymMessage,,488
3571.21,PseudonymMessage,,488
3571.74,PseudonymMessage,,488
3571.82,PseudonymMessage,,488
3573.74,PseudonymMessage,,488
3573.82,PseudonymMessage,,488
3575.82,PseudonymMessage,,488
3584.24,PseudonymMessage,,488
3584.36,PseudonymMessage,,488
3585.78,PseudonymMessage,,488
3586.24,PseudonymMessage,,488
3586.36,PseudonymMessage,,488
3587.86,PseudonymMessage,,488
3588.36,PseudonymMessage,,488
3589.86,PseudonymMessage,,488
2.60292,EnrollmentRequest,,264
2.71535,EnrollmentRequest,,264
20.5375,EnrollmentRequest,,264
20.5822,EnrollmentRequest,,264
38.0963,EnrollmentRequest,,264
38.8381,EnrollmentRequest,,264
40.8381,EnrollmentRequest,,264
56.2902,EnrollmentRequest,,264
56.6603,EnrollmentRequest,,264
58.2902,EnrollmentRequest,,264
74.4539,EnrollmentRequest,,264
74.6796,EnrollmentRequest,,264
76.4539,EnrollmentRequest,,264
76.6796,EnrollmentRequest,,264
78.6796,EnrollmentRequest,,264
92.3594,EnrollmentRequest,,264
92.3997,EnrollmentRequest,,264
94.3594,EnrollmentRequest,,264
94.3997,EnrollmentRequest,,264
96.3997,EnrollmentRequest,,264
98.3997,EnrollmentRequest,,264
100.4,EnrollmentRequest,,264
102.4,EnrollmentRequest,,264
110.012,EnrollmentRequest,,264
110.116,EnrollmentRequest,,264
128.097,EnrollmentRequest,,264
128.791,EnrollmentRequest,,264
130.097,EnrollmentRequest,,264
146.081,EnrollmentRequest,,264
146.223,EnrollmentRequest,,264
148.223,EnrollmentRequest,,264
150.223,EnrollmentRequest,,264
164.359,EnrollmentRequest,,264
164.761,EnrollmentRequest,,264
166.359,EnrollmentRequest,,264
182.311,EnrollmentRequest,,264
182.791,EnrollmentRequest,,264
183.603,EnrollmentRequest,,264
183.715,EnrollmentRequest,,264
184.311,EnrollmentRequest,,264
185.603,EnrollmentRequest,,264
185.715,EnrollmentRequest,,264
186.311,EnrollmentRequest,,264
187.715,EnrollmentRequest,,264
188.311,EnrollmentRequest,,264
190.311,EnrollmentRequest,,264
192.311,EnrollmentRequest,,264
200.46,EnrollmentRequest,,264
200.574,EnrollmentRequest,,264
201.538,EnrollmentRequest,,264
201.582,EnrollmentRequest,,264
202.46,EnrollmentRequest,,264
202.574,EnrollmentRequest,,264
203.538,EnrollmentRequest,,264
204.574,EnrollmentRequest,,264
206.574,EnrollmentRequest,,264
218.248,EnrollmentRequest,,264
218.675,EnrollmentRequest,,264
219.096,EnrollmentRequest,,264
219.838,EnrollmentRequest,,264
220.248,EnrollmentRequest,,264
220.675,EnrollmentRequest,,264
221.838,EnrollmentRequest,,264
236.325,EnrollmentRequest,,264
236.453,EnrollmentRequest,,264
237.66,EnrollmentRequest,,264
238.453,EnrollmentRequest,,264
239.29,EnrollmentRequest,,264
239.66,EnrollmentRequest,,264
254.063,EnrollmentRequest,,264
254.839,EnrollmentRequest,,264
256.839,EnrollmentRequest,,264
257.454,EnrollmentRequest,,264
259.454,EnrollmentRequest,,264
259.68,EnrollmentRequest,,264
261.68,EnrollmentRequest,,264
272.484,EnrollmentRequest,,264
273.36,EnrollmentRequest,,264
273.801,EnrollmentRequest,,264
275.36,EnrollmentRequest,,264
275.801,EnrollmentRequest,,264
277.801,EnrollmentRequest,,264
279.801,EnrollmentRequest,,264
281.4,EnrollmentRequest,,264
281.801,EnrollmentRequest,,264
290.371,EnrollmentRequest,,264
290.485,EnrollmentRequest,,264
291.012,EnrollmentRequest,,264
291.116,EnrollmentRequest,,264
292.485,EnrollmentRequest,,264
293.012,EnrollmentRequest,,264
293.116,EnrollmentRequest,,264
294.485,EnrollmentRequest,,264
295.012,EnrollmentRequest,,264
296.485,EnrollmentRequest,,264
308.932,EnrollmentRequest,,264
309,EnrollmentRequest,,264
309.097,EnrollmentRequest,,264
309.791,EnrollmentRequest,,264
310.932,EnrollmentRequest,,264
311,EnrollmentRequest,,264
311.097,EnrollmentRequest,,264
311.791,EnrollmentRequest,,264
312.932,EnrollmentRequest,,264
313.791,EnrollmentRequest,,264
315.791,EnrollmentRequest,,264
317.791,EnrollmentRequest,,264
319.791,EnrollmentRequest,,264
321.791,EnrollmentRequest,,264
323.791,EnrollmentRequest,,264
325.791,EnrollmentRequest,,264
326.34,EnrollmentRequest,,264
326.489,EnrollmentRequest,,264
327.081,EnrollmentRequest,,264
328.489,EnrollmentRequest,,264
330.489,EnrollmentRequest,,264
331.223,EnrollmentRequest,,264
344.092,EnrollmentRequest,,264
345.761,EnrollmentRequest,,264
346.092,EnrollmentRequest,,264
347.293,EnrollmentRequest,,264
347.359,EnrollmentRequest,,264
349.293,EnrollmentRequest,,264
362.339,EnrollmentRequest,,264
363.791,EnrollmentRequest,,264
366.592,EnrollmentRequest,,264
368.592,EnrollmentRequest,,264
373.311,EnrollmentRequest,,264
380.817,EnrollmentRequest,,264
382.817,EnrollmentRequest,,264
383.46,EnrollmentRequest,,264
384.366,EnrollmentRequest,,264
384.817,EnrollmentRequest,,264
385.46,EnrollmentRequest,,264
385.574,EnrollmentRequest,,264
386.366,EnrollmentRequest,,264
387.574,EnrollmentRequest,,264
398.12,EnrollmentRequest,,264
399.248,EnrollmentRequest,,264
399.675,EnrollmentRequest,,264
399.972,EnrollmentRequest,,264
400.12,EnrollmentRequest,,264
401.675,EnrollmentRequest,,264
402.12,EnrollmentRequest,,264
403.675,EnrollmentRequest,,264
404.12,EnrollmentRequest,,264
416.9,EnrollmentRequest,,264
417.101,EnrollmentRequest,,264
417.325,EnrollmentRequest,,264
418.9,EnrollmentRequest,,264
419.101,EnrollmentRequest,,264
419.325,EnrollmentRequest,,264
419.453,EnrollmentRequest,,264
420.9,EnrollmentRequest,,264
421.325,EnrollmentRequest,,264
421.453,EnrollmentRequest,,264
422.9,EnrollmentRequest,,264
423.453,EnrollmentRequest,,264
425.453,EnrollmentRequest,,264
427.453,EnrollmentRequest,,264
429.453,EnrollmentRequest,,264
434.868,EnrollmentRequest,,264
435.063,EnrollmentRequest,,264
436.169,EnrollmentRequest,,264
436.868,EnrollmentRequest,,264
437.063,EnrollmentRequest,,264
437.838,EnrollmentRequest,,264
438.169,EnrollmentRequest,,264
438.868,EnrollmentRequest,,264
439.063,EnrollmentRequest,,264
439.838,EnrollmentRequest,,264
441.063,EnrollmentRequest,,264
441.838,EnrollmentRequest,,264
452.293,EnrollmentRequest,,264
452.895,EnrollmentRequest,,264
453.484,EnrollmentRequest,,264
454.293,EnrollmentRequest,,264
455.484,EnrollmentRequest,,264
457.484,EnrollmentRequest,,264
462.801,EnrollmentRequest,,264
470.337,EnrollmentRequest,,264
470.79,EnrollmentRequest,,264
471.371,EnrollmentRequest,,264
472.337,EnrollmentRequest,,264
473.371,EnrollmentRequest,,264
474.337,EnrollmentRequest,,264
475.371,EnrollmentRequest,,264
475.485,EnrollmentRequest,,264
477.485,EnrollmentRequest,,264
488.655,EnrollmentRequest,,264
488.912,EnrollmentRequest,,264
490.655,EnrollmentRequest,,264
491,EnrollmentRequest,,264
493.932,EnrollmentRequest,,264
495.932,EnrollmentRequest,,264
497.932,EnrollmentRequest,,264
506.037,EnrollmentRequest,,264
506.235,EnrollmentRequest,,264
507.34,EnrollmentRequest,,264
509.489,EnrollmentRequest,,264
511.489,EnrollmentRequest,,264
525.092,EnrollmentRequest,,264
527.806,EnrollmentRequest,,264
528.293,EnrollmentRequest,,264
530.293,EnrollmentRequest,,264
530.403,EnrollmentRequest,,264
532.293,EnrollmentRequest,,264
532.403,EnrollmentRequest,,264
534.293,EnrollmentRequest,,264
536.293,EnrollmentRequest,,264
542.605,EnrollmentRequest,,264
543.339,EnrollmentRequest,,264
544.974,EnrollmentRequest,,264
545.339,EnrollmentRequest,,264
546.974,EnrollmentRequest,,264
547.339,EnrollmentRequest,,264
548.974,EnrollmentRequest,,264
549.592,EnrollmentRequest,,264
562.214,EnrollmentRequest,,264
563.97,EnrollmentRequest,,264
565.817,EnrollmentRequest,,264
567.366,EnrollmentRequest,,264
567.817,EnrollmentRequest,,264
578.389,EnrollmentRequest,,264
578.594,EnrollmentRequest,,264
580.389,EnrollmentRequest,,264
580.972,EnrollmentRequest,,264
582.389,EnrollmentRequest,,264
584.389,EnrollmentRequest,,264
585.12,EnrollmentRequest,,264
596.129,EnrollmentRequest,,264
596.483,EnrollmentRequest,,264
598.101,EnrollmentRequest,,264
598.129,EnrollmentRequest,,264
598.483,EnrollmentRequest,,264
600.101,EnrollmentRequest,,264
600.483,EnrollmentRequest,,264
602.483,EnrollmentRequest,,264
603.9,EnrollmentRequest,,264
605.9,EnrollmentRequest,,264
614.001,EnrollmentRequest,,264
614.737,EnrollmentRequest,,264
616.737,EnrollmentRequest,,264
617.868,EnrollmentRequest,,264
618.737,EnrollmentRequest,,264
619.169,EnrollmentRequest,,264
619.868,EnrollmentRequest,,264
620.737,EnrollmentRequest,,264
632.045,EnrollmentRequest,,264
633.895,EnrollmentRequest,,264
635.293,EnrollmentRequest,,264
635.895,EnrollmentRequest,,264
637.293,EnrollmentRequest,,264
637.895,EnrollmentRequest,,264
638.094,EnrollmentRequest,,264
639.293,EnrollmentRequest,,264
639.895,EnrollmentRequest,,264
641.895,EnrollmentRequest,,264
650.407,EnrollmentRequest,,264
650.849,EnrollmentRequest,,264
651.79,EnrollmentRequest,,264
652.849,EnrollmentRequest,,264
653.337,EnrollmentRequest,,264
653.79,EnrollmentRequest,,264
655.79,EnrollmentRequest,,264
657.79,EnrollmentRequest,,264
659.79,EnrollmentRequest,,264
661.79,EnrollmentRequest,,264
663.79,EnrollmentRequest,,264
668.46,EnrollmentRequest,,264
669.655,EnrollmentRequest,,264
669.912,EnrollmentRequest,,264
670.46,EnrollmentRequest,,264
671.655,EnrollmentRequest,,264
671.912,EnrollmentRequest,,264
672.298,EnrollmentRequest,,264
673.655,EnrollmentRequest,,264
673.912,EnrollmentRequest,,264
674.298,EnrollmentRequest,,264
675.655,EnrollmentRequest,,264
677.655,EnrollmentRequest,,264
679.655,EnrollmentRequest,,264
686.162,EnrollmentRequest,,264
686.942,EnrollmentRequest,,264
687.037,EnrollmentRequest,,264
687.235,EnrollmentRequest,,264
688.162,EnrollmentRequest,,264
689.235,EnrollmentRequest,,264
691.235,EnrollmentRequest,,264
704.273,EnrollmentRequest,,264
704.534,EnrollmentRequest,,264
706.273,EnrollmentRequest,,264
708.806,EnrollmentRequest,,264
711.403,EnrollmentRequest,,264
722.203,EnrollmentRequest,,264
723.605,EnrollmentRequest,,264
725.605,EnrollmentRequest,,264
727.605,EnrollmentRequest,,264
729.605,EnrollmentRequest,,264
729.974,EnrollmentRequest,,264
731.974,EnrollmentRequest,,264
732.457,EnrollmentRequest,,264
733.974,EnrollmentRequest,,264
743.214,EnrollmentRequest,,264
743.965,EnrollmentRequest,,264
744.97,EnrollmentRequest,,264
750.139,EnrollmentRequest,,264
752.139,EnrollmentRequest,,264
758.229,EnrollmentRequest,,264
758.35,EnrollmentRequest,,264
759.594,EnrollmentRequest,,264
760.35,EnrollmentRequest,,264
765.389,EnrollmentRequest,,264
767.389,EnrollmentRequest,,264
769.389,EnrollmentRequest,,264
771.389,EnrollmentRequest,,264
776.497,EnrollmentRequest,,264
776.642,EnrollmentRequest,,264
777.129,EnrollmentRequest,,264
778.642,EnrollmentRequest,,264
779.129,EnrollmentRequest,,264
781.483,EnrollmentRequest,,264
794.017,EnrollmentRequest,,264
794.673,EnrollmentRequest,,264
795.001,EnrollmentRequest,,264
796.673,EnrollmentRequest,,264
801.737,EnrollmentRequest,,264
812.303,EnrollmentRequest,,264
813.045,EnrollmentRequest,,264
814.285,EnrollmentRequest,,264
816.285,EnrollmentRequest,,264
819.094,EnrollmentRequest,,264
830.188,EnrollmentRequest,,264
830.663,EnrollmentRequest,,264
831.407,EnrollmentRequest,,264
831.849,EnrollmentRequest,,264
832.188,EnrollmentRequest,,264
833.407,EnrollmentRequest,,264
833.849,EnrollmentRequest,,264
848.364,EnrollmentRequest,,264
850.687,EnrollmentRequest,,264
851.46,EnrollmentRequest,,264
853.298,EnrollmentRequest,,264
866.784,EnrollmentRequest,,264
867.162,EnrollmentRequest,,264
867.942,EnrollmentRequest,,264
868.784,EnrollmentRequest,,264
869.942,EnrollmentRequest,,264
871.766,EnrollmentRequest,,264
871.942,EnrollmentRequest,,264
873.942,EnrollmentRequest,,264
884.434,EnrollmentRequest,,264
884.442,EnrollmentRequest,,264
885.273,EnrollmentRequest,,264
885.534,EnrollmentRequest,,264
886.434,EnrollmentRequest,,264
886.442,EnrollmentRequest,,264
887.534,EnrollmentRequest,,264
888.434,EnrollmentRequest,,264
902.222,EnrollmentRequest,,264
902.811,EnrollmentRequest,,264
903.203,EnrollmentRequest,,264
904.222,EnrollmentRequest,,264
913.457,EnrollmentRequest,,264
915.457,EnrollmentRequest,,264
917.457,EnrollmentRequest,,264
920.024,EnrollmentRequest,,264
923.773,EnrollmentRequest,,264
924.965,EnrollmentRequest,,264
925.773,EnrollmentRequest,,264
927.773,EnrollmentRequest,,264
931.139,EnrollmentRequest,,264
938.867,EnrollmentRequest,,264
939.229,EnrollmentRequest,,264
939.953,EnrollmentRequest,,264
941.229,EnrollmentRequest,,264
941.35,EnrollmentRequest,,264
941.953,EnrollmentRequest,,264
943.35,EnrollmentRequest,,264
943.953,EnrollmentRequest,,264
945.35,EnrollmentRequest,,264
956.025,EnrollmentRequest,,264
956.579,EnrollmentRequest,,264
957.497,EnrollmentRequest,,264
958.579,EnrollmentRequest,,264
959.497,EnrollmentRequest,,264
959.642,EnrollmentRequest,,264
960.579,EnrollmentRequest,,264
961.497,EnrollmentRequest,,264
962.579,EnrollmentRequest,,264
974.177,EnrollmentRequest,,264
974.481,EnrollmentRequest,,264
975.017,EnrollmentRequest,,264
975.673,EnrollmentRequest,,264
992.85,EnrollmentRequest,,264
992.9,EnrollmentRequest,,264
993.303,EnrollmentRequest,,264
994.9,EnrollmentRequest,,264
995.285,EnrollmentRequest,,264
995.303,EnrollmentRequest,,264
996.9,EnrollmentRequest,,264
997.303,EnrollmentRequest,,264
1010.76,EnrollmentRequest,,264
1010.78,EnrollmentRequest,,264
1011.66,EnrollmentRequest,,264
1012.76,EnrollmentRequest,,264
1012.78,EnrollmentRequest,,264
1013.19,EnrollmentRequest,,264
1013.66,EnrollmentRequest,,264
1014.76,EnrollmentRequest,,264
1015.19,EnrollmentRequest,,264
1015.66,EnrollmentRequest,,264
1017.19,EnrollmentRequest,,264
1017.66,EnrollmentRequest,,264
1019.66,EnrollmentRequest,,264
1021.66,EnrollmentRequest,,264
1023.66,EnrollmentRequest,,264
1025.66,EnrollmentRequest,,264
1027.66,EnrollmentRequest,,264
1028.16,EnrollmentRequest,,264
1029.36,EnrollmentRequest,,264
1029.66,EnrollmentRequest,,264
1031.66,EnrollmentRequest,,264
1031.69,EnrollmentRequest,,264
1033.65,EnrollmentRequest,,264
1033.66,EnrollmentRequest,,264
1035.65,EnrollmentRequest,,264
1035.66,EnrollmentRequest,,264
1037.66,EnrollmentRequest,,264
1039.66,EnrollmentRequest,,264
1041.66,EnrollmentRequest,,264
1043.66,EnrollmentRequest,,264
1045.66,EnrollmentRequest,,264
1046.83,EnrollmentRequest,,264
1047.35,EnrollmentRequest,,264
1047.66,EnrollmentRequest,,264
1048.83,EnrollmentRequest,,264
1049.35,EnrollmentRequest,,264
1049.66,EnrollmentRequest,,264
1049.78,EnrollmentRequest,,264
1051.66,EnrollmentRequest,,264
1051.78,EnrollmentRequest,,264
1052.77,EnrollmentRequest,,264
1053.66,EnrollmentRequest,,264
1054.77,EnrollmentRequest,,264
1055.66,EnrollmentRequest,,264
1056.77,EnrollmentRequest,,264
1057.66,EnrollmentRequest,,264
1058.77,EnrollmentRequest,,264
1059.66,EnrollmentRequest,,264
1060.77,EnrollmentRequest,,264
1061.66,EnrollmentRequest,,264
1062.77,EnrollmentRequest,,264
1063.66,EnrollmentRequest,,264
1064.04,EnrollmentRequest,,264
1064.77,EnrollmentRequest,,264
1065.66,EnrollmentRequest,,264
1066.77,EnrollmentRequest,,264
1067.43,EnrollmentRequest,,264
1067.44,EnrollmentRequest,,264
1067.6,EnrollmentRequest,,264
1067.66,EnrollmentRequest,,264
1068.77,EnrollmentRequest,,264
1069.44,EnrollmentRequest,,264
1069.6,EnrollmentRequest,,264
1069.66,EnrollmentRequest,,264
1070.77,EnrollmentRequest,,264
1071.66,EnrollmentRequest,,264
1072.77,EnrollmentRequest,,264
1073.66,EnrollmentRequest,,264
1074.77,EnrollmentRequest,,264
1075.66,EnrollmentRequest,,264
1076.77,EnrollmentRequest,,264
1077.66,EnrollmentRequest,,264
1078.77,EnrollmentRequest,,264
1079.66,EnrollmentRequest,,264
1080.77,EnrollmentRequest,,264
1081.66,EnrollmentRequest,,264
1082.09,EnrollmentRequest,,264
1082.31,EnrollmentRequest,,264
1082.77,EnrollmentRequest,,264
1083.22,EnrollmentRequest,,264
1083.66,EnrollmentRequest,,264
1083.81,EnrollmentRequest,,264
1084.09,EnrollmentRequest,,264
1084.31,EnrollmentRequest,,264
1084.77,EnrollmentRequest,,264
1085.66,EnrollmentRequest,,264
1085.81,EnrollmentRequest,,264
1086.09,EnrollmentRequest,,264
1086.77,EnrollmentRequest,,264
1087.66,EnrollmentRequest,,264
1088.09,EnrollmentRequest,,264
1088.77,EnrollmentRequest,,264
1089.66,EnrollmentRequest,,264
1090.77,EnrollmentRequest,,264
1091.66,EnrollmentRequest,,264
1092.77,EnrollmentRequest,,264
1093.66,EnrollmentRequest,,264
1094.77,EnrollmentRequest,,264
1095.66,EnrollmentRequest,,264
1096.77,EnrollmentRequest,,264
1097.66,EnrollmentRequest,,264
1098.77,EnrollmentRequest,,264
1099.66,EnrollmentRequest,,264
1100.17,EnrollmentRequest,,264
1100.77,EnrollmentRequest,,264
1101.02,EnrollmentRequest,,264
1101.66,EnrollmentRequest,,264
1102.77,EnrollmentRequest,,264
1103.66,EnrollmentRequest,,264
1104.77,EnrollmentRequest,,264
1105.66,EnrollmentRequest,,264
1106.51,EnrollmentRequest,,264
1106.77,EnrollmentRequest,,264
1106.77,EnrollmentRequest,,264
1107.66,EnrollmentRequest,,264
1108.77,EnrollmentRequest,,264
1109.66,EnrollmentRequest,,264
1110.77,EnrollmentRequest,,264
1111.66,EnrollmentRequest,,264
1112.77,EnrollmentRequest,,264
1113.66,EnrollmentRequest,,264
1114.77,EnrollmentRequest,,264
1115.66,EnrollmentRequest,,264
1116.77,EnrollmentRequest,,264
1117.66,EnrollmentRequest,,264
1118.36,EnrollmentRequest,,264
1118.54,EnrollmentRequest,,264
1118.77,EnrollmentRequest,,264
1119.66,EnrollmentRequest,,264
1119.87,EnrollmentRequest,,264
1120.36,EnrollmentRequest,,264
1120.77,EnrollmentRequest,,264
1121.66,EnrollmentRequest,,264
1121.87,EnrollmentRequest,,264
1122.77,EnrollmentRequest,,264
1122.95,EnrollmentRequest,,264
1123.66,EnrollmentRequest,,264
1123.87,EnrollmentRequest,,264
1124.77,EnrollmentRequest,,264
1124.95,EnrollmentRequest,,264
1125.87,EnrollmentRequest,,264
1126.77,EnrollmentRequest,,264
1126.95,EnrollmentRequest,,264
1127.87,EnrollmentRequest,,264
1128.77,EnrollmentRequest,,264
1129.87,EnrollmentRequest,,264
1130.77,EnrollmentRequest,,264
1131.87,EnrollmentRequest,,264
1132.77,EnrollmentRequest,,264
1133.87,EnrollmentRequest,,264
1134.77,EnrollmentRequest,,264
1135.87,EnrollmentRequest,,264
1136.29,EnrollmentRequest,,264
1136.77,EnrollmentRequest,,264
1136.87,EnrollmentRequest,,264
1137.03,EnrollmentRequest,,264
1137.87,EnrollmentRequest,,264
1138.29,EnrollmentRequest,,264
1138.77,EnrollmentRequest,,264
1138.87,EnrollmentRequest,,264
1139.03,EnrollmentRequest,,264
1139.87,EnrollmentRequest,,264
1140.77,EnrollmentRequest,,264
1141.58,EnrollmentRequest,,264
1141.87,EnrollmentRequest,,264
1142.77,EnrollmentRequest,,264
1143.87,EnrollmentRequest,,264
1144.77,EnrollmentRequest,,264
1145.87,EnrollmentRequest,,264
1146.77,EnrollmentRequest,,264
1147.87,EnrollmentRequest,,264
1148.77,EnrollmentRequest,,264
1149.87,EnrollmentRequest,,264
1150.77,EnrollmentRequest,,264
1151.87,EnrollmentRequest,,264
1152.77,EnrollmentRequest,,264
1153.87,EnrollmentRequest,,264
1154.2,EnrollmentRequest,,264
1154.37,EnrollmentRequest,,264
1154.77,EnrollmentRequest,,264
1155.18,EnrollmentRequest,,264
1155.48,EnrollmentRequest,,264
1155.87,EnrollmentRequest,,264
1156.37,EnrollmentRequest,,264
1156.77,EnrollmentRequest,,264
1157.18,EnrollmentRequest,,264
1157.48,EnrollmentRequest,,264
1157.87,EnrollmentRequest,,264
1158.37,EnrollmentRequest,,264
1158.77,EnrollmentRequest,,264
1159.48,EnrollmentRequest,,264
1159.87,EnrollmentRequest,,264
1160.77,EnrollmentRequest,,264
1161.87,EnrollmentRequest,,264
1162.77,EnrollmentRequest,,264
1163.87,EnrollmentRequest,,264
1164.77,EnrollmentRequest,,264
1165.87,EnrollmentRequest,,264
1166.77,EnrollmentRequest,,264
1167.87,EnrollmentRequest,,264
1169.87,EnrollmentRequest,,264
1171.87,EnrollmentRequest,,264
1172.24,EnrollmentRequest,,264
1172.68,EnrollmentRequest,,264
1173.85,EnrollmentRequest,,264
1173.87,EnrollmentRequest,,264
1174.24,EnrollmentRequest,,264
1174.68,EnrollmentRequest,,264
1175.85,EnrollmentRequest,,264
1175.87,EnrollmentRequest,,264
1175.9,EnrollmentRequest,,264
1176.68,EnrollmentRequest,,264
1177.85,EnrollmentRequest,,264
1177.87,EnrollmentRequest,,264
1177.9,EnrollmentRequest,,264
1178.68,EnrollmentRequest,,264
1179.85,EnrollmentRequest,,264
1179.87,EnrollmentRequest,,264
1180.68,EnrollmentRequest,,264
1181.87,EnrollmentRequest,,264
1183.87,EnrollmentRequest,,264
1185.87,EnrollmentRequest,,264
1187.87,EnrollmentRequest,,264
1189.87,EnrollmentRequest,,264
1190.52,EnrollmentRequest,,264
1190.59,EnrollmentRequest,,264
1191.87,EnrollmentRequest,,264
1192.52,EnrollmentRequest,,264
1193.76,EnrollmentRequest,,264
1193.78,EnrollmentRequest,,264
1193.87,EnrollmentRequest,,264
1194.52,EnrollmentRequest,,264
1195.87,EnrollmentRequest,,264
1196.52,EnrollmentRequest,,264
1197.87,EnrollmentRequest,,264
1199.87,EnrollmentRequest,,264
1201.87,EnrollmentRequest,,264
1203.87,EnrollmentRequest,,264
1205.87,EnrollmentRequest,,264
1207.87,EnrollmentRequest,,264
1208.38,EnrollmentRequest,,264
1208.8,EnrollmentRequest,,264
1209.16,EnrollmentRequest,,264
1209.87,EnrollmentRequest,,264
1210.8,EnrollmentRequest,,264
1216.65,EnrollmentRequest,,264
1218.65,EnrollmentRequest,,264
1226.03,EnrollmentRequest,,264
1226.69,EnrollmentRequest,,264
1228.03,EnrollmentRequest,,264
1228.35,EnrollmentRequest,,264
1228.69,EnrollmentRequest,,264
1229.83,EnrollmentRequest,,264
1230.35,EnrollmentRequest,,264
1231.83,EnrollmentRequest,,264
1244.13,EnrollmentRequest,,264
1244.61,EnrollmentRequest,,264
1245.04,EnrollmentRequest,,264
1247.04,EnrollmentRequest,,264
1248.6,EnrollmentRequest,,264
1250.6,EnrollmentRequest,,264
1262.09,EnrollmentRequest,,264
1264.4,EnrollmentRequest,,264
1265.31,EnrollmentRequest,,264
1266.4,EnrollmentRequest,,264
1268.4,EnrollmentRequest,,264
1269.09,EnrollmentRequest,,264
1270.4,EnrollmentRequest,,264
1272.4,EnrollmentRequest,,264
1280.9,EnrollmentRequest,,264
1281.17,EnrollmentRequest,,264
1281.69,EnrollmentRequest,,264
1282.9,EnrollmentRequest,,264
1283.17,EnrollmentRequest,,264
1283.69,EnrollmentRequest,,264
1284.9,EnrollmentRequest,,264
1285.17,EnrollmentRequest,,264
1287.17,EnrollmentRequest,,264
1287.51,EnrollmentRequest,,264
1289.51,EnrollmentRequest,,264
1291.51,EnrollmentRequest,,264
1298.85,EnrollmentRequest,,264
1299.36,EnrollmentRequest,,264
1299.54,EnrollmentRequest,,264
1300.85,EnrollmentRequest,,264
1301.36,EnrollmentRequest,,264
1301.54,EnrollmentRequest,,264
1303.36,EnrollmentRequest,,264
1303.54,EnrollmentRequest,,264
1305.36,EnrollmentRequest,,264
1305.83,EnrollmentRequest,,264
1307.36,EnrollmentRequest,,264
1307.83,EnrollmentRequest,,264
1316.78,EnrollmentRequest,,264
1318.58,EnrollmentRequest,,264
1319.29,EnrollmentRequest,,264
1319.87,EnrollmentRequest,,264
1320.58,EnrollmentRequest,,264
1321.29,EnrollmentRequest,,264
1321.87,EnrollmentRequest,,264
1322.58,EnrollmentRequest,,264
1324.58,EnrollmentRequest,,264
1326.58,EnrollmentRequest,,264
1328.58,EnrollmentRequest,,264
1334.11,EnrollmentRequest,,264
1334.28,EnrollmentRequest,,264
1335.2,EnrollmentRequest,,264
1336.11,EnrollmentRequest,,264
1336.28,EnrollmentRequest,,264
1337.2,EnrollmentRequest,,264
1337.37,EnrollmentRequest,,264
1338.28,EnrollmentRequest,,264
1339.2,EnrollmentRequest,,264
1355.24,EnrollmentRequest,,264
1359.4,EnrollmentRequest,,264
1361.31,EnrollmentRequest,,264
1361.4,EnrollmentRequest,,264
1361.68,EnrollmentRequest,,264
1363.31,EnrollmentRequest,,264
1365.31,EnrollmentRequest,,264
1367.31,EnrollmentRequest,,264
1369.31,EnrollmentRequest,,264
1370.15,EnrollmentRequest,,264
1370.19,EnrollmentRequest,,264
1371.59,EnrollmentRequest,,264
1373.59,EnrollmentRequest,,264
1375.52,EnrollmentRequest,,264
1388.41,EnrollmentRequest,,264
1388.88,EnrollmentRequest,,264
1389.38,EnrollmentRequest,,264
1389.8,EnrollmentRequest,,264
1406.48,EnrollmentRequest,,264
1406.9,EnrollmentRequest,,264
1409.03,EnrollmentRequest,,264
1409.69,EnrollmentRequest,,264
1411.69,EnrollmentRequest,,264
1424.06,EnrollmentRequest,,264
1424.09,EnrollmentRequest,,264
1425.13,EnrollmentRequest,,264
1425.61,EnrollmentRequest,,264
1426.06,EnrollmentRequest,,264
1427.13,EnrollmentRequest,,264
1427.61,EnrollmentRequest,,264
1442.23,EnrollmentRequest,,264
1443.09,EnrollmentRequest,,264
1444.23,EnrollmentRequest,,264
1444.57,EnrollmentRequest,,264
1446.23,EnrollmentRequest,,264
1446.57,EnrollmentRequest,,264
1448.57,EnrollmentRequest,,264
1450.57,EnrollmentRequest,,264
1453.4,EnrollmentRequest,,264
1455.4,EnrollmentRequest,,264
1460.46,EnrollmentRequest,,264
1460.67,EnrollmentRequest,,264
1462.46,EnrollmentRequest,,264
1462.67,EnrollmentRequest,,264
1462.69,EnrollmentRequest,,264
1464.67,EnrollmentRequest,,264
1465.9,EnrollmentRequest,,264
1466.67,EnrollmentRequest,,264
1467.9,EnrollmentRequest,,264
1478.38,EnrollmentRequest,,264
1478.79,EnrollmentRequest,,264
1479.85,EnrollmentRequest,,264
1480.38,EnrollmentRequest,,264
1480.79,EnrollmentRequest,,264
1481.85,EnrollmentRequest,,264
1486.83,EnrollmentRequest,,264
1488.83,EnrollmentRequest,,264
1496,EnrollmentRequest,,264
1497.78,EnrollmentRequest,,264
1499.78,EnrollmentRequest,,264
1501.78,EnrollmentRequest,,264
1502.95,EnrollmentRequest,,264
1507.58,EnrollmentRequest,,264
1509.58,EnrollmentRequest,,264
1514.1,EnrollmentRequest,,264
1515.14,EnrollmentRequest,,264
1517.11,EnrollmentRequest,,264
1517.28,EnrollmentRequest,,264
1519.11,EnrollmentRequest,,264
1521.11,EnrollmentRequest,,264
1532.54,EnrollmentRequest,,264
1534.54,EnrollmentRequest,,264
1535.25,EnrollmentRequest,,264
1536.54,EnrollmentRequest,,264
1540.4,EnrollmentRequest,,264
1542.4,EnrollmentRequest,,264
1548.31,EnrollmentRequest,,264
1550.2,EnrollmentRequest,,264
1550.31,EnrollmentRequest,,264
1550.79,EnrollmentRequest,,264
1551.15,EnrollmentRequest,,264
1551.19,EnrollmentRequest,,264
1552.2,EnrollmentRequest,,264
1552.31,EnrollmentRequest,,264
1554.2,EnrollmentRequest,,264
1554.31,EnrollmentRequest,,264
1568.08,EnrollmentRequest,,264
1568.35,EnrollmentRequest,,264
1569.41,EnrollmentRequest,,264
1569.88,EnrollmentRequest,,264
1571.88,EnrollmentRequest,,264
1586.44,EnrollmentRequest,,264
1586.54,EnrollmentRequest,,264
1587.48,EnrollmentRequest,,264
1587.9,EnrollmentRequest,,264
1589.48,EnrollmentRequest,,264
1589.9,EnrollmentRequest,,264
1591.48,EnrollmentRequest,,264
1604.92,EnrollmentRequest,,264
1605.09,EnrollmentRequest,,264
1606.92,EnrollmentRequest,,264
1607.06,EnrollmentRequest,,264
1608.92,EnrollmentRequest,,264
1609.06,EnrollmentRequest,,264
1610.68,EnrollmentRequest,,264
1622.51,EnrollmentRequest,,264
1622.62,EnrollmentRequest,,264
1624.51,EnrollmentRequest,,264
1627.23,EnrollmentRequest,,264
1631.57,EnrollmentRequest,,264
1641.46,EnrollmentRequest,,264
1643.46,EnrollmentRequest,,264
1645.46,EnrollmentRequest,,264
1647.67,EnrollmentRequest,,264
1651.69,EnrollmentRequest,,264
1652.02,EnrollmentRequest,,264
1653.69,EnrollmentRequest,,264
1654.02,EnrollmentRequest,,264
1656.02,EnrollmentRequest,,264
1658.26,EnrollmentRequest,,264
1658.55,EnrollmentRequest,,264
1659.38,EnrollmentRequest,,264
1660.26,EnrollmentRequest,,264
1660.85,EnrollmentRequest,,264
1661.79,EnrollmentRequest,,264
1662.26,EnrollmentRequest,,264
1663.79,EnrollmentRequest,,264
1664.26,EnrollmentRequest,,264
1676.17,EnrollmentRequest,,264
1676.21,EnrollmentRequest,,264
1677,EnrollmentRequest,,264
1678.21,EnrollmentRequest,,264
1679,EnrollmentRequest,,264
1681,EnrollmentRequest,,264
1683.95,EnrollmentRequest,,264
1685.95,EnrollmentRequest,,264
1694.16,EnrollmentRequest,,264
1695.1,EnrollmentRequest,,264
1696.14,EnrollmentRequest,,264
1699.88,EnrollmentRequest,,264
1701.88,EnrollmentRequest,,264
1712.39,EnrollmentRequest,,264
1712.76,EnrollmentRequest,,264
1714.39,EnrollmentRequest,,264
1716.25,EnrollmentRequest,,264
1716.39,EnrollmentRequest,,264
1717.54,EnrollmentRequest,,264
1718.25,EnrollmentRequest,,264
1718.39,EnrollmentRequest,,264
1719.54,EnrollmentRequest,,264
1720.25,EnrollmentRequest,,264
1730.38,EnrollmentRequest,,264
1731.79,EnrollmentRequest,,264
1734.08,EnrollmentRequest,,264
1735.2,EnrollmentRequest,,264
1748.81,EnrollmentRequest,,264
1749.08,EnrollmentRequest,,264
1749.35,EnrollmentRequest,,264
1750.81,EnrollmentRequest,,264
1752.81,EnrollmentRequest,,264
1754.59,EnrollmentRequest,,264
1756.59,EnrollmentRequest,,264
1758.59,EnrollmentRequest,,264
1760.59,EnrollmentRequest,,264
1766.43,EnrollmentRequest,,264
1766.51,EnrollmentRequest,,264
1767.44,EnrollmentRequest,,264
1767.54,EnrollmentRequest,,264
1769.44,EnrollmentRequest,,264
1784.05,EnrollmentRequest,,264
1784.12,EnrollmentRequest,,264
1786.05,EnrollmentRequest,,264
1786.12,EnrollmentRequest,,264
1787.92,EnrollmentRequest,,264
1791.68,EnrollmentRequest,,264
1802.53,EnrollmentRequest,,264
1802.8,EnrollmentRequest,,264
1803.62,EnrollmentRequest,,264
1805.51,EnrollmentRequest,,264
1805.62,EnrollmentRequest,,264
1807.51,EnrollmentRequest,,264
1820.57,EnrollmentRequest,,264
1820.91,EnrollmentRequest,,264
1822.57,EnrollmentRequest,,264
1824.57,EnrollmentRequest,,264
1826.57,EnrollmentRequest,,264
1828.57,EnrollmentRequest,,264
1834.69,EnrollmentRequest,,264
1835.02,EnrollmentRequest,,264
1839.55,EnrollmentRequest,,264
1841.55,EnrollmentRequest,,264
1843.26,EnrollmentRequest,,264
1843.55,EnrollmentRequest,,264
1844.72,EnrollmentRequest,,264
1844.87,EnrollmentRequest,,264
1845.55,EnrollmentRequest,,264
1846.72,EnrollmentRequest,,264
1846.87,EnrollmentRequest,,264
1848.72,EnrollmentRequest,,264
1856.44,EnrollmentRequest,,264
1857.17,EnrollmentRequest,,264
1858.83,EnrollmentRequest,,264
1859.21,EnrollmentRequest,,264
1860.83,EnrollmentRequest,,264
1862.83,EnrollmentRequest,,264
1864.83,EnrollmentRequest,,264
1874.53,EnrollmentRequest,,264
1874.97,EnrollmentRequest,,264
1875.16,EnrollmentRequest,,264
1876.53,EnrollmentRequest,,264
1876.97,EnrollmentRequest,,264
1877.16,EnrollmentRequest,,264
1878.53,EnrollmentRequest,,264
1880.88,EnrollmentRequest,,264
1882.88,EnrollmentRequest,,264
1892.22,EnrollmentRequest,,264
1892.84,EnrollmentRequest,,264
1893.76,EnrollmentRequest,,264
1894.22,EnrollmentRequest,,264
1895.76,EnrollmentRequest,,264
1896.22,EnrollmentRequest,,264
1897.76,EnrollmentRequest,,264
1899.39,EnrollmentRequest,,264
1901.39,EnrollmentRequest,,264
1910.56,EnrollmentRequest,,264
1910.57,EnrollmentRequest,,264
1911.38,EnrollmentRequest,,264
1912.57,EnrollmentRequest,,264
1913.38,EnrollmentRequest,,264
1914.57,EnrollmentRequest,,264
1915.08,EnrollmentRequest,,264
1915.38,EnrollmentRequest,,264
1929.4,EnrollmentRequest,,264
1933.81,EnrollmentRequest,,264
1933.97,EnrollmentRequest,,264
1935.81,EnrollmentRequest,,264
1935.97,EnrollmentRequest,,264
1941.59,EnrollmentRequest,,264
1943.59,EnrollmentRequest,,264
1945.59,EnrollmentRequest,,264
1946.89,EnrollmentRequest,,264
1946.98,EnrollmentRequest,,264
1947.43,EnrollmentRequest,,264
1947.51,EnrollmentRequest,,264
1947.59,EnrollmentRequest,,264
1949.51,EnrollmentRequest,,264
1964.15,EnrollmentRequest,,264
1964.37,EnrollmentRequest,,264
1965.05,EnrollmentRequest,,264
1965.12,EnrollmentRequest,,264
1966.15,EnrollmentRequest,,264
1982.94,EnrollmentRequest,,264
1983.53,EnrollmentRequest,,264
1983.8,EnrollmentRequest,,264
1985.53,EnrollmentRequest,,264
1985.8,EnrollmentRequest,,264
1987.8,EnrollmentRequest,,264
1988.4,EnrollmentRequest,,264
1990.4,EnrollmentRequest,,264
1992.4,EnrollmentRequest,,264
2000.8,EnrollmentRequest,,264
2001.91,EnrollmentRequest,,264
2002.8,EnrollmentRequest,,264
2003.32,EnrollmentRequest,,264
2003.91,EnrollmentRequest,,264
2009.57,EnrollmentRequest,,264
2011.57,EnrollmentRequest,,264
2018.19,EnrollmentRequest,,264
2018.49,EnrollmentRequest,,264
2020.19,EnrollmentRequest,,264
2020.49,EnrollmentRequest,,264
2027.72,EnrollmentRequest,,264
2027.87,EnrollmentRequest,,264
2029.87,EnrollmentRequest,,264
2031.87,EnrollmentRequest,,264
2036.05,EnrollmentRequest,,264
2036.09,EnrollmentRequest,,264
2037.44,EnrollmentRequest,,264
2038.05,EnrollmentRequest,,264
2038.09,EnrollmentRequest,,264
2039.44,EnrollmentRequest,,264
2040.05,EnrollmentRequest,,264
2042.05,EnrollmentRequest,,264
2043.83,EnrollmentRequest,,264
2044.05,EnrollmentRequest,,264
2045.83,EnrollmentRequest,,264
2046.05,EnrollmentRequest,,264
2047.83,EnrollmentRequest,,264
2049.83,EnrollmentRequest,,264
2051.83,EnrollmentRequest,,264
2053.83,EnrollmentRequest,,264
2054.55,EnrollmentRequest,,264
2054.97,EnrollmentRequest,,264
2056.97,EnrollmentRequest,,264
2057.97,EnrollmentRequest,,264
2058.97,EnrollmentRequest,,264
2059.53,EnrollmentRequest,,264
2059.97,EnrollmentRequest,,264
2061.53,EnrollmentRequest,,264
2072.72,EnrollmentRequest,,264
2073.84,EnrollmentRequest,,264
2073.98,EnrollmentRequest,,264
2075.22,EnrollmentRequest,,264
2075.98,EnrollmentRequest,,264
2077.22,EnrollmentRequest,,264
2079.22,EnrollmentRequest,,264
2081.22,EnrollmentRequest,,264
2083.22,EnrollmentRequest,,264
2085.22,EnrollmentRequest,,264
2090.14,EnrollmentRequest,,264
2091.56,EnrollmentRequest,,264
2092.14,EnrollmentRequest,,264
2093.56,EnrollmentRequest,,264
2094.22,EnrollmentRequest,,264
2095.57,EnrollmentRequest,,264
2096.22,EnrollmentRequest,,264
2098.22,EnrollmentRequest,,264
2100.22,EnrollmentRequest,,264
2108.61,EnrollmentRequest,,264
2110.4,EnrollmentRequest,,264
2110.61,EnrollmentRequest,,264
2112.04,EnrollmentRequest,,264
2112.4,EnrollmentRequest,,264
2114.04,EnrollmentRequest,,264
2114.4,EnrollmentRequest,,264
2116.97,EnrollmentRequest,,264
2126.02,EnrollmentRequest,,264
2126.11,EnrollmentRequest,,264
2127.89,EnrollmentRequest,,264
2127.98,EnrollmentRequest,,264
2128.11,EnrollmentRequest,,264
2129.98,EnrollmentRequest,,264
2131.98,EnrollmentRequest,,264
2144.72,EnrollmentRequest,,264
2145.15,EnrollmentRequest,,264
2145.37,EnrollmentRequest,,264
2146.72,EnrollmentRequest,,264
2147.15,EnrollmentRequest,,264
2147.92,EnrollmentRequest,,264
2149.92,EnrollmentRequest,,264
2151.92,EnrollmentRequest,,264
2162.23,EnrollmentRequest,,264
2163.91,EnrollmentRequest,,264
2163.94,EnrollmentRequest,,264
2165.91,EnrollmentRequest,,264
2165.94,EnrollmentRequest,,264
2171.4,EnrollmentRequest,,264
2173.4,EnrollmentRequest,,264
2180.43,EnrollmentRequest,,264
2181.8,EnrollmentRequest,,264
2182.43,EnrollmentRequest,,264
2183.8,EnrollmentRequest,,264
2184.32,EnrollmentRequest,,264
2185.83,EnrollmentRequest,,264
2186.32,EnrollmentRequest,,264
2187.83,EnrollmentRequest,,264
2189.83,EnrollmentRequest,,264
2198.25,EnrollmentRequest,,264
2198.26,EnrollmentRequest,,264
2199.19,EnrollmentRequest,,264
2199.49,EnrollmentRequest,,264
2200.25,EnrollmentRequest,,264
2200.26,EnrollmentRequest,,264
2201.49,EnrollmentRequest,,264
2202.25,EnrollmentRequest,,264
2203.49,EnrollmentRequest,,264
2204.25,EnrollmentRequest,,264
2205.49,EnrollmentRequest,,264
2216.45,EnrollmentRequest,,264
2216.98,EnrollmentRequest,,264
2217.09,EnrollmentRequest,,264
2218.45,EnrollmentRequest,,264
2218.98,EnrollmentRequest,,264
2219.09,EnrollmentRequest,,264
2220.98,EnrollmentRequest,,264
2222.98,EnrollmentRequest,,264
2225.05,EnrollmentRequest,,264
2235.55,EnrollmentRequest,,264
2237.55,EnrollmentRequest,,264
2238.04,EnrollmentRequest,,264
2239.97,EnrollmentRequest,,264
2240.04,EnrollmentRequest,,264
2241.97,EnrollmentRequest,,264
2243.97,EnrollmentRequest,,264
2244.65,EnrollmentRequest,,264
2245.97,EnrollmentRequest,,264
2252.15,EnrollmentRequest,,264
2252.43,EnrollmentRequest,,264
2253.72,EnrollmentRequest,,264
2254.15,EnrollmentRequest,,264
2254.98,EnrollmentRequest,,264
2255.72,EnrollmentRequest,,264
2270.56,EnrollmentRequest,,264
2270.76,EnrollmentRequest,,264
2273.14,EnrollmentRequest,,264
2281.22,EnrollmentRequest,,264
2283.22,EnrollmentRequest,,264
2285.22,EnrollmentRequest,,264
2288.19,EnrollmentRequest,,264
2288.2,EnrollmentRequest,,264
2289.61,EnrollmentRequest,,264
2290.19,EnrollmentRequest,,264
2291.61,EnrollmentRequest,,264
2292.19,EnrollmentRequest,,264
2293.04,EnrollmentRequest,,264
2293.61,EnrollmentRequest,,264
2295.04,EnrollmentRequest,,264
2307.02,EnrollmentRequest,,264
2307.11,EnrollmentRequest,,264
2309.02,EnrollmentRequest,,264
2309.11,EnrollmentRequest,,264
2309.8,EnrollmentRequest,,264
2310.56,EnrollmentRequest,,264
2311.11,EnrollmentRequest,,264
2311.8,EnrollmentRequest,,264
2312.56,EnrollmentRequest,,264
2314.56,EnrollmentRequest,,264
2324.1,EnrollmentRequest,,264
2324.5,EnrollmentRequest,,264
2325.72,EnrollmentRequest,,264
2326.1,EnrollmentRequest,,264
2326.5,EnrollmentRequest,,264
2327.72,EnrollmentRequest,,264
2328.5,EnrollmentRequest,,264
2330.92,EnrollmentRequest,,264
2332.92,EnrollmentRequest,,264
2342.06,EnrollmentRequest,,264
2342.78,EnrollmentRequest,,264
2343.23,EnrollmentRequest,,264
2344.06,EnrollmentRequest,,264
2344.78,EnrollmentRequest,,264
2346.78,EnrollmentRequest,,264
2346.91,EnrollmentRequest,,264
2348.78,EnrollmentRequest,,264
2348.91,EnrollmentRequest,,264
2350.78,EnrollmentRequest,,264
2350.91,EnrollmentRequest,,264
2352.78,EnrollmentRequest,,264
2352.91,EnrollmentRequest,,264
2360.42,EnrollmentRequest,,264
2360.88,EnrollmentRequest,,264
2361.43,EnrollmentRequest,,264
2363.43,EnrollmentRequest,,264
2368.83,EnrollmentRequest,,264
2370.83,EnrollmentRequest,,264
2378.16,EnrollmentRequest,,264
2378.7,EnrollmentRequest,,264
2379.26,EnrollmentRequest,,264
2380.16,EnrollmentRequest,,264
2381.26,EnrollmentRequest,,264
2382.16,EnrollmentRequest,,264
2383.26,EnrollmentRequest,,264
2384.16,EnrollmentRequest,,264
2385.25,EnrollmentRequest,,264
2396.91,EnrollmentRequest,,264
2396.99,EnrollmentRequest,,264
2399.45,EnrollmentRequest,,264
2403.98,EnrollmentRequest,,264
2405.98,EnrollmentRequest,,264
2407.98,EnrollmentRequest,,264
2414.11,EnrollmentRequest,,264
2414.42,EnrollmentRequest,,264
2416.11,EnrollmentRequest,,264
2419.04,EnrollmentRequest,,264
2421.04,EnrollmentRequest,,264
2425.65,EnrollmentRequest,,264
2427.65,EnrollmentRequest,,264
2429.65,EnrollmentRequest,,264
2431.65,EnrollmentRequest,,264
2432.56,EnrollmentRequest,,264
2432.73,EnrollmentRequest,,264
2433.43,EnrollmentRequest,,264
2434.56,EnrollmentRequest,,264
2435.15,EnrollmentRequest,,264
2437.15,EnrollmentRequest,,264
2450.8,EnrollmentRequest,,264
2451.02,EnrollmentRequest,,264
2451.56,EnrollmentRequest,,264
2451.76,EnrollmentRequest,,264
2452.8,EnrollmentRequest,,264
2453.02,EnrollmentRequest,,264
2453.76,EnrollmentRequest,,264
2455.76,EnrollmentRequest,,264
2468.29,EnrollmentRequest,,264
2468.76,EnrollmentRequest,,264
2469.2,EnrollmentRequest,,264
2470.29,EnrollmentRequest,,264
2470.76,EnrollmentRequest,,264
2471.2,EnrollmentRequest,,264
2472.29,EnrollmentRequest,,264
2472.76,EnrollmentRequest,,264
2473.19,EnrollmentRequest,,264
2474.29,EnrollmentRequest,,264
2475.19,EnrollmentRequest,,264
2486.02,EnrollmentRequest,,264
2486.5,EnrollmentRequest,,264
2488.02,EnrollmentRequest,,264
2488.5,EnrollmentRequest,,264
2492.8,EnrollmentRequest,,264
2494.8,EnrollmentRequest,,264
2495.56,EnrollmentRequest,,264
2496.8,EnrollmentRequest,,264
2497.56,EnrollmentRequest,,264
2498.8,EnrollmentRequest,,264
2504.35,EnrollmentRequest,,264
2504.72,EnrollmentRequest,,264
2506.35,EnrollmentRequest,,264
2507.1,EnrollmentRequest,,264
2508.35,EnrollmentRequest,,264
2509.5,EnrollmentRequest,,264
2510.35,EnrollmentRequest,,264
2522.91,EnrollmentRequest,,264
2523.06,EnrollmentRequest,,264
2524.91,EnrollmentRequest,,264
2526.91,EnrollmentRequest,,264
2527.1,EnrollmentRequest,,264
2528.91,EnrollmentRequest,,264
2529.1,EnrollmentRequest,,264
2531.1,EnrollmentRequest,,264
2533.1,EnrollmentRequest,,264
2533.78,EnrollmentRequest,,264
2535.1,EnrollmentRequest,,264
2540.58,EnrollmentRequest,,264
2541.42,EnrollmentRequest,,264
2541.88,EnrollmentRequest,,264
2542.52,EnrollmentRequest,,264
2543.42,EnrollmentRequest,,264
2543.88,EnrollmentRequest,,264
2558.04,EnrollmentRequest,,264
2558.07,EnrollmentRequest,,264
2559.7,EnrollmentRequest,,264
2561.7,EnrollmentRequest,,264
2565.16,EnrollmentRequest,,264
2567.16,EnrollmentRequest,,264
2576.9,EnrollmentRequest,,264
2577.89,EnrollmentRequest,,264
2577.91,EnrollmentRequest,,264
2577.99,EnrollmentRequest,,264
2578.9,EnrollmentRequest,,264
2594.08,EnrollmentRequest,,264
2594.17,EnrollmentRequest,,264
2595.11,EnrollmentRequest,,264
2595.42,EnrollmentRequest,,264
2596.17,EnrollmentRequest,,264
2612.4,EnrollmentRequest,,264
2612.95,EnrollmentRequest,,264
2613.73,EnrollmentRequest,,264
2614.4,EnrollmentRequest,,264
2614.95,EnrollmentRequest,,264
2615.56,EnrollmentRequest,,264
2630.97,EnrollmentRequest,,264
2631.8,EnrollmentRequest,,264
2632.02,EnrollmentRequest,,264
2632.97,EnrollmentRequest,,264
2633.8,EnrollmentRequest,,264
2634.97,EnrollmentRequest,,264
2648.46,EnrollmentRequest,,264
2649.69,EnrollmentRequest,,264
2652.47,EnrollmentRequest,,264
2653.29,EnrollmentRequest,,264
2653.76,EnrollmentRequest,,264
2654.19,EnrollmentRequest,,264
2654.47,EnrollmentRequest,,264
2655.76,EnrollmentRequest,,264
2656.47,EnrollmentRequest,,264
2658.47,EnrollmentRequest,,264
2667.02,EnrollmentRequest,,264
2667.5,EnrollmentRequest,,264
2669.5,EnrollmentRequest,,264
2671.5,EnrollmentRequest,,264
2673.24,EnrollmentRequest,,264
2675.24,EnrollmentRequest,,264
2681.02,EnrollmentRequest,,264
2684.4,EnrollmentRequest,,264
2684.79,EnrollmentRequest,,264
2685.72,EnrollmentRequest,,264
2686.79,EnrollmentRequest,,264
2687.72,EnrollmentRequest,,264
2688.79,EnrollmentRequest,,264
2689.35,EnrollmentRequest,,264
2691.35,EnrollmentRequest,,264
2702.34,EnrollmentRequest,,264
2702.43,EnrollmentRequest,,264
2704.43,EnrollmentRequest,,264
2709.91,EnrollmentRequest,,264
2711.91,EnrollmentRequest,,264
2713.91,EnrollmentRequest,,264
2714.1,EnrollmentRequest,,264
2715.91,EnrollmentRequest,,264
2720.04,EnrollmentRequest,,264
2721.58,EnrollmentRequest,,264
2722.04,EnrollmentRequest,,264
2723.52,EnrollmentRequest,,264
2723.58,EnrollmentRequest,,264
2725.58,EnrollmentRequest,,264
2727.58,EnrollmentRequest,,264
2729.9,EnrollmentRequest,,264
2738.21,EnrollmentRequest,,264
2738.42,EnrollmentRequest,,264
2739.04,EnrollmentRequest,,264
2739.07,EnrollmentRequest,,264
2740.21,EnrollmentRequest,,264
2740.42,EnrollmentRequest,,264
2741.04,EnrollmentRequest,,264
2741.07,EnrollmentRequest,,264
2756.18,EnrollmentRequest,,264
2758.18,EnrollmentRequest,,264
2758.89,EnrollmentRequest,,264
2759.9,EnrollmentRequest,,264
2760.18,EnrollmentRequest,,264
2760.89,EnrollmentRequest,,264
2761.23,EnrollmentRequest,,264
2761.9,EnrollmentRequest,,264
2762.18,EnrollmentRequest,,264
2762.89,EnrollmentRequest,,264
2763.23,EnrollmentRequest,,264
2764.89,EnrollmentRequest,,264
2774.55,EnrollmentRequest,,264
2775.08,EnrollmentRequest,,264
2776.55,EnrollmentRequest,,264
2777.08,EnrollmentRequest,,264
2777.17,EnrollmentRequest,,264
2777.86,EnrollmentRequest,,264
2779.08,EnrollmentRequest,,264
2779.17,EnrollmentRequest,,264
2779.86,EnrollmentRequest,,264
2781.17,EnrollmentRequest,,264
2783.17,EnrollmentRequest,,264
2785.17,EnrollmentRequest,,264
2792.67,EnrollmentRequest,,264
2793.11,EnrollmentRequest,,264
2793.4,EnrollmentRequest,,264
2795.11,EnrollmentRequest,,264
2795.95,EnrollmentRequest,,264
2797.95,EnrollmentRequest,,264
2799.95,EnrollmentRequest,,264
2810.11,EnrollmentRequest,,264
2810.64,EnrollmentRequest,,264
2812.11,EnrollmentRequest,,264
2815.97,EnrollmentRequest,,264
2817.97,EnrollmentRequest,,264
2828.02,EnrollmentRequest,,264
2828.75,EnrollmentRequest,,264
2829.46,EnrollmentRequest,,264
2830.69,EnrollmentRequest,,264
2830.75,EnrollmentRequest,,264
2831.46,EnrollmentRequest,,264
2832.69,EnrollmentRequest,,264
2839.47,EnrollmentRequest,,264
2841.47,EnrollmentRequest,,264
2843.47,EnrollmentRequest,,264
2845.47,EnrollmentRequest,,264
2846.14,EnrollmentRequest,,264
2846.66,EnrollmentRequest,,264
2848.14,EnrollmentRequest,,264
2848.66,EnrollmentRequest,,264
2854.24,EnrollmentRequest,,264
2862.02,EnrollmentRequest,,264
2864.02,EnrollmentRequest,,264
2864.53,EnrollmentRequest,,264
2865.4,EnrollmentRequest,,264
2866.53,EnrollmentRequest,,264
2867.79,EnrollmentRequest,,264
2869.79,EnrollmentRequest,,264
2870.03,EnrollmentRequest,,264
2871.79,EnrollmentRequest,,264
2872.03,EnrollmentRequest,,264
2882.02,EnrollmentRequest,,264
2883.34,EnrollmentRequest,,264
2883.43,EnrollmentRequest,,264
2898.59,EnrollmentRequest,,264
2900.53,EnrollmentRequest,,264
2900.59,EnrollmentRequest,,264
2901.04,EnrollmentRequest,,264
2901.67,EnrollmentRequest,,264
2902.53,EnrollmentRequest,,264
2902.59,EnrollmentRequest,,264
2910.9,EnrollmentRequest,,264
2912.9,EnrollmentRequest,,264
2918.63,EnrollmentRequest,,264
2919.42,EnrollmentRequest,,264
2921.21,EnrollmentRequest,,264
2921.42,EnrollmentRequest,,264
2922.39,EnrollmentRequest,,264
2924.39,EnrollmentRequest,,264
2926.39,EnrollmentRequest,,264
2936.25,EnrollmentRequest,,264
2936.81,EnrollmentRequest,,264
2938.25,EnrollmentRequest,,264
2938.81,EnrollmentRequest,,264
2942.23,EnrollmentRequest,,264
2943.18,EnrollmentRequest,,264
2945.18,EnrollmentRequest,,264
2954.17,EnrollmentRequest,,264
2954.44,EnrollmentRequest,,264
2956.17,EnrollmentRequest,,264
2957.55,EnrollmentRequest,,264
2958.86,EnrollmentRequest,,264
2960.86,EnrollmentRequest,,264
2972.63,EnrollmentRequest,,264
2973.67,EnrollmentRequest,,264
2974.11,EnrollmentRequest,,264
2974.63,EnrollmentRequest,,264
2975.24,EnrollmentRequest,,264
2975.67,EnrollmentRequest,,264
2976.11,EnrollmentRequest,,264
2976.63,EnrollmentRequest,,264
2978.63,EnrollmentRequest,,264
2990.15,EnrollmentRequest,,264
2991.64,EnrollmentRequest,,264
2993.11,EnrollmentRequest,,264
2993.64,EnrollmentRequest,,264
2995.11,EnrollmentRequest,,264
2995.14,EnrollmentRequest,,264
2997.14,EnrollmentRequest,,264
2999.14,EnrollmentRequest,,264
3008.59,EnrollmentRequest,,264
3009.02,EnrollmentRequest,,264
3009.75,EnrollmentRequest,,264
3010.8,EnrollmentRequest,,264
3011.02,EnrollmentRequest,,264
3011.75,EnrollmentRequest,,264
3012.8,EnrollmentRequest,,264
3013.75,EnrollmentRequest,,264
3026.78,EnrollmentRequest,,264
3029.14,EnrollmentRequest,,264
3029.28,EnrollmentRequest,,264
3029.66,EnrollmentRequest,,264
3031.14,EnrollmentRequest,,264
3031.28,EnrollmentRequest,,264
3031.66,EnrollmentRequest,,264
3044.48,EnrollmentRequest,,264
3045.53,EnrollmentRequest,,264
3046.48,EnrollmentRequest,,264
3049,EnrollmentRequest,,264
3051,EnrollmentRequest,,264
3053.03,EnrollmentRequest,,264
3055.03,EnrollmentRequest,,264
3057.03,EnrollmentRequest,,264
3062.02,EnrollmentRequest,,264
3062.58,EnrollmentRequest,,264
3063.02,EnrollmentRequest,,264
3065.02,EnrollmentRequest,,264
3080.48,EnrollmentRequest,,264
3080.86,EnrollmentRequest,,264
3082.48,EnrollmentRequest,,264
3082.67,EnrollmentRequest,,264
3083.53,EnrollmentRequest,,264
3083.59,EnrollmentRequest,,264
3084.48,EnrollmentRequest,,264
3084.67,EnrollmentRequest,,264
3085.53,EnrollmentRequest,,264
3098.56,EnrollmentRequest,,264
3098.73,EnrollmentRequest,,264
3099.63,EnrollmentRequest,,264
3100.56,EnrollmentRequest,,264
3100.73,EnrollmentRequest,,264
3101.63,EnrollmentRequest,,264
3102.56,EnrollmentRequest,,264
3102.73,EnrollmentRequest,,264
3104.73,EnrollmentRequest,,264
3107.39,EnrollmentRequest,,264
3109.39,EnrollmentRequest,,264
3116.27,EnrollmentRequest,,264
3116.91,EnrollmentRequest,,264
3117.81,EnrollmentRequest,,264
3118.91,EnrollmentRequest,,264
3119.25,EnrollmentRequest,,264
3119.81,EnrollmentRequest,,264
3134.16,EnrollmentRequest,,264
3134.21,EnrollmentRequest,,264
3135.44,EnrollmentRequest,,264
3136.21,EnrollmentRequest,,264
3137.17,EnrollmentRequest,,264
3137.44,EnrollmentRequest,,264
3152.51,EnrollmentRequest,,264
3152.56,EnrollmentRequest,,264
3154.51,EnrollmentRequest,,264
3156.24,EnrollmentRequest,,264
3157.63,EnrollmentRequest,,264
3158.24,EnrollmentRequest,,264
3170,EnrollmentRequest,,264
3170.04,EnrollmentRequest,,264
3171.15,EnrollmentRequest,,264
3173.15,EnrollmentRequest,,264
3180.14,EnrollmentRequest,,264
3188.14,EnrollmentRequest,,264
3189.59,EnrollmentRequest,,264
3191.8,EnrollmentRequest,,264
3192.94,EnrollmentRequest,,264
3193.8,EnrollmentRequest,,264
3194.94,EnrollmentRequest,,264
3206.66,EnrollmentRequest,,264
3207.78,EnrollmentRequest,,264
3208.66,EnrollmentRequest,,264
3209.78,EnrollmentRequest,,264
3210.66,EnrollmentRequest,,264
3211.28,EnrollmentRequest,,264
3211.78,EnrollmentRequest,,264
3212.28,EnrollmentRequest,,264
3213.28,EnrollmentRequest,,264
3213.78,EnrollmentRequest,,264
3215.78,EnrollmentRequest,,264
3217.78,EnrollmentRequest,,264
3224.16,EnrollmentRequest,,264
3224.54,EnrollmentRequest,,264
3226.16,EnrollmentRequest,,264
3227.48,EnrollmentRequest,,264
3228.16,EnrollmentRequest,,264
3230,EnrollmentRequest,,264
3232,EnrollmentRequest,,264
3234,EnrollmentRequest,,264
3242.53,EnrollmentRequest,,264
3242.99,EnrollmentRequest,,264
3243.02,EnrollmentRequest,,264
3243.58,EnrollmentRequest,,264
3244.53,EnrollmentRequest,,264
3245.02,EnrollmentRequest,,264
3245.58,EnrollmentRequest,,264
3246.53,EnrollmentRequest,,264
3260.83,EnrollmentRequest,,264
3261.8,EnrollmentRequest,,264
3261.86,EnrollmentRequest,,264
3263.48,EnrollmentRequest,,264
3278,EnrollmentRequest,,264
3278.44,EnrollmentRequest,,264
3280,EnrollmentRequest,,264
3280.44,EnrollmentRequest,,264
3281.56,EnrollmentRequest,,264
3283.56,EnrollmentRequest,,264
3285.73,EnrollmentRequest,,264
3287.73,EnrollmentRequest,,264
3289.73,EnrollmentRequest,,264
3296.74,EnrollmentRequest,,264
3297.27,EnrollmentRequest,,264
3298.73,EnrollmentRequest,,264
3298.74,EnrollmentRequest,,264
3299.91,EnrollmentRequest,,264
3300.73,EnrollmentRequest,,264
3300.74,EnrollmentRequest,,264
3301.91,EnrollmentRequest,,264
3302.74,EnrollmentRequest,,264
3303.91,EnrollmentRequest,,264
3314.44,EnrollmentRequest,,264
3314.73,EnrollmentRequest,,264
3315.16,EnrollmentRequest,,264
3316.44,EnrollmentRequest,,264
3317.16,EnrollmentRequest,,264
3317.21,EnrollmentRequest,,264
3332.55,EnrollmentRequest,,264
3333.56,EnrollmentRequest,,264
3335.51,EnrollmentRequest,,264
3337.51,EnrollmentRequest,,264
3337.88,EnrollmentRequest,,264
3339.51,EnrollmentRequest,,264
3341.51,EnrollmentRequest,,264
3343.51,EnrollmentRequest,,264
3350.51,EnrollmentRequest,,264
3351,EnrollmentRequest,,264
3351.04,EnrollmentRequest,,264
3352.51,EnrollmentRequest,,264
3353,EnrollmentRequest,,264
3353.04,EnrollmentRequest,,264
3355.04,EnrollmentRequest,,264
3356.91,EnrollmentRequest,,264
3358.91,EnrollmentRequest,,264
3360.91,EnrollmentRequest,,264
3362.91,EnrollmentRequest,,264
3368.12,EnrollmentRequest,,264
3368.35,EnrollmentRequest,,264
3369.14,EnrollmentRequest,,264
3370.35,EnrollmentRequest,,264
3371.14,EnrollmentRequest,,264
3373.14,EnrollmentRequest,,264
3373.94,EnrollmentRequest,,264
3375.14,EnrollmentRequest,,264
3375.94,EnrollmentRequest,,264
3377.14,EnrollmentRequest,,264
3386.21,EnrollmentRequest,,264
3386.82,EnrollmentRequest,,264
3388.21,EnrollmentRequest,,264
3388.82,EnrollmentRequest,,264
3390.21,EnrollmentRequest,,264
3390.82,EnrollmentRequest,,264
3391.66,EnrollmentRequest,,264
3393.66,EnrollmentRequest,,264
3394.28,EnrollmentRequest,,264
3395.66,EnrollmentRequest,,264
3396.28,EnrollmentRequest,,264
3404.78,EnrollmentRequest,,264
3404.86,EnrollmentRequest,,264
3405.54,EnrollmentRequest,,264
3406.86,EnrollmentRequest,,264
3407.54,EnrollmentRequest,,264
3408.86,EnrollmentRequest,,264
3409.16,EnrollmentRequest,,264
3411.16,EnrollmentRequest,,264
3422.82,EnrollmentRequest,,264
3422.86,EnrollmentRequest,,264
3423.99,EnrollmentRequest,,264
3424.82,EnrollmentRequest,,264
3425.53,EnrollmentRequest,,264
3425.99,EnrollmentRequest,,264
3426.82,EnrollmentRequest,,264
3427.53,EnrollmentRequest,,264
3427.99,EnrollmentRequest,,264
3428.82,EnrollmentRequest,,264
3430.82,EnrollmentRequest,,264
3440.43,EnrollmentRequest,,264
3440.5,EnrollmentRequest,,264
3441.83,EnrollmentRequest,,264
3442.8,EnrollmentRequest,,264
3458.91,EnrollmentRequest,,264
3460.91,EnrollmentRequest,,264
3461,EnrollmentRequest,,264
3461.44,EnrollmentRequest,,264
3462.23,EnrollmentRequest,,264
3462.91,EnrollmentRequest,,264
3464.91,EnrollmentRequest,,264
3466.91,EnrollmentRequest,,264
3476.47,EnrollmentRequest,,264
3478.47,EnrollmentRequest,,264
3479.73,EnrollmentRequest,,264
3481.01,EnrollmentRequest,,264
3481.73,EnrollmentRequest,,264
3483.74,EnrollmentRequest,,264
3494.03,EnrollmentRequest,,264
3494.31,EnrollmentRequest,,264
3495.44,EnrollmentRequest,,264
3495.73,EnrollmentRequest,,264
3496.03,EnrollmentRequest,,264
3496.31,EnrollmentRequest,,264
3498.31,EnrollmentRequest,,264
3512.48,EnrollmentRequest,,264
3513.55,EnrollmentRequest,,264
3514.48,EnrollmentRequest,,264
3515.55,EnrollmentRequest,,264
3517.32,EnrollmentRequest,,264
3518.88,EnrollmentRequest,,264
3519.32,EnrollmentRequest,,264
3520.88,EnrollmentRequest,,264
3521.32,EnrollmentRequest,,264
3533.51,EnrollmentRequest,,264
3535.51,EnrollmentRequest,,264
3536.44,EnrollmentRequest,,264
3538.37,EnrollmentRequest,,264
3538.44,EnrollmentRequest,,264
3540.37,EnrollmentRequest,,264
3540.44,EnrollmentRequest,,264
3542.37,EnrollmentRequest,,264
3543.91,EnrollmentRequest,,264
3544.37,EnrollmentRequest,,264
3548.77,EnrollmentRequest,,264
3549.12,EnrollmentRequest,,264
3549.35,EnrollmentRequest,,264
3550.77,EnrollmentRequest,,264
3552.16,EnrollmentRequest,,264
3566.88,EnrollmentRequest,,264
3569.74,EnrollmentRequest,,264
3571.21,EnrollmentRequest,,264
3571.74,EnrollmentRequest,,264
3571.82,EnrollmentRequest,,264
3573.74,EnrollmentRequest,,264
3573.82,EnrollmentRequest,,264
3575.82,EnrollmentRequest,,264
3584.24,EnrollmentRequest,,264
3584.36,EnrollmentRequest,,264
3585.78,EnrollmentRequest,,264
3586.24,EnrollmentRequest,,264
3586.36,EnrollmentRequest,,264
3587.86,EnrollmentRequest,,264
3588.36,EnrollmentRequest,,264
3589.86,EnrollmentRequest,,264
